Workbook

Sheet Gaudi Decor
H1: ТОВ "Еліт Декор"
D3: Каталог товарів колекції "Gaudi Decor"
F4: 46272
B6: ЭД-АРТикул колекції | E6: Найменування | F6: Од. | G6: Роздрібна ціна з ПДВ, грн | H6: Примітка
A8: 1 | D8: Карниз
A9: 1 | B9: AAZG000411AA005622 | C9: AAZG000411 | D9: 1 | E9: C 1001 (2.00м) | F9: шт. | G9: 664.44
A10: 1 | B10: AAZG000411AA006875 | C10: AAZG000411 | D10: =D9+1 -> 2 | E10: C 1001 (2.00м) Flexi | F10: шт. | G10: 1328.76
A11: 1 | B11: AAZG000421AA006532 | C11: AAZG000421 | D11: =D10+1 -> 3 | E11: C 1002 (2.00м) | F11: шт. | G11: 720.48
A12: 1 | B12: AAZG000431AA006890 | C12: AAZG000431 | D12: =D11+1 -> 4 | E12: C 1003 (2.00м) | F12: шт. | G12: 546.72
A13: 1 | B13: AAZG000441AA005587 | C13: AAZG000441 | D13: =D12+1 -> 5 | E13: C 1004 (2.00м) | F13: шт. | G13: 688.56
A14: 1 | B14: AAZG000441AA006891 | C14: AAZG000441 | D14: =D13+1 -> 6 | E14: C 1004 (2.00м) Flexi | F14: шт. | G14: 1377.24
A15: 1 | B15: AAZG000471AA006897 | C15: AAZG000471 | D15: =D14+1 -> 7 | E15: C 1007 (2.00м) | F15: шт. | G15: 639.12
A16: 1 | B16: AAZG000471AA006896 | C16: AAZG000471 | D16: =D15+1 -> 8 | E16: C 1007 (2.00м) Flexi | F16: шт. | G16: 1278.24
A17: 1 | B17: AAZG000481AA005588 | C17: AAZG000481 | D17: =D16+1 -> 9 | E17: C 1008 (2.00м) | F17: шт. | G17: 522.48
A18: 1 | B18: AAZG000491AA005946 | C18: AAZG000491 | D18: =D17+1 -> 10 | E18: C 1009 (2.00м) | F18: шт. | G18: 651.24
A19: 1 | B19: AAZG000511AA006904 | C19: AAZG000511 | D19: =D18+1 -> 11 | E19: C 1010 (2.00м) | F19: шт. | G19: 653.4
A20: 1 | B20: AAZG000521AA006906 | C20: AAZG000521 | D20: =D19+1 -> 12 | E20: C 1012 (2.00м) | F20: шт. | G20: 1047.24
A21: 1 | B21: AAZG000531AA006073 | C21: AAZG000531 | D21: =D20+1 -> 13 | E21: C 1013 (2.00м) | F21: шт. | G21: 705.12
... A23: 1 | B23: AAZG000551AA005953 | C23: AAZG000551 | D23: =D22+1 -> 15 | E23: C 1015 (2.00м) | F23: шт. | G23: 886.56
B24: AAZG000501AA006902 | C24: AAZG000501 | D24: =D23+1 -> 16 | E24: C 101 (2.00м) | F24: шт. | G24: 2032.8
A25: 1 | B25: AAZG000591AA006917 | C25: AAZG000591 | D25: =D24+1 -> 17 | E25: C 102 (2.00м) | F25: шт. | G25: 2054.76
A26: 1 | B26: AAZG000651AA006892 | C26: AAZG000651 | D26: =D25+1 -> 18 | E26: C 1030 (2.00м) | F26: шт. | G26: 1027.44
A27: 1 | B27: AAZG000661AA006894 | C27: AAZG000661 | D27: =D26+1 -> 19 | E27: C 1033 (2.00м) | F27: шт. | G27: 1007.64
A28: 1 | B28: AAZG000681AA006927 | C28: AAZG000681 | D28: =D27+1 -> 20 | E28: C 1035 (2.00м) | F28: шт. | G28: 883.32
A29: 1 | B29: AAZG000701AA006900 | C29: AAZG000701 | D29: =D28+1 -> 21 | E29: C 1037 (2.00м) | F29: шт. | G29: 812.88
A30: 1 | B30: AAZG000701AA006930 | C30: AAZG000701 | D30: =D29+1 -> 22 | E30: C 1037 (2.00м) Flexi | F30: шт. | G30: 1625.76
A31: 1 | B31: AAZG000711AA006099 | C31: AAZG000711 | D31: =D30+1 -> 23 | E31: C 104 (2.00м) | F31: шт. | G31: 947.16
A32: 1 | B32: AAZG000711AA006309 | C32: AAZG000711 | D32: =D31+1 -> 24 | E32: C 104 (2.00м) Flexi | F32: шт. | G32: 1894.2
A33: 1 | B33: AAZG000721AA006199 | C33: AAZG000721 | D33: =D32+1 -> 25 | E33: C 1041 (2.00м) | F33: шт. | G33: 442.2
A34: 1 | B34: AAZG000751AA006761 | C34: AAZG000751 | D34: =D33+1 -> 26 | E34: C 1049 (2.00м) | F34: шт. | G34: 1002.12
A35: 1 | B35: AAZG000771AA000257 | C35: AAZG000771 | D35: =D34+1 -> 27 | E35: C 1061 (2.00м) | F35: шт. | G35: 1589.52
A36: 1 | B36: AAZG000781AA006693 | C36: AAZG000781 | D36: =D35+1 -> 28 | E36: C 1063 (2.00м) | F36: шт. | G36: 1013.16
... A60: 1 | B60: AAZG000991AA006311 | C60: AAZG000991 | D60: =D59+1 -> 52 | E60: C 122 (2.00м) Flexi | F60: шт. | G60: 2367.24
B61: AAZG001001AA006987 | C61: AAZG001001 | D61: =D60+1 -> 53 | E61: C 123 (2.00м) | F61: шт. | G61: 862.44
A62: 1 | B62: AAZG001001AA006986 | C62: AAZG001001 | D62: =D61+1 -> 54 | E62: C 123 (2.00м) Flexi | F62: шт. | G62: 1724.76
A63: 1 | B63: AAZG001011AA006989 | C63: AAZG001011 | D63: =D62+1 -> 55 | E63: C 124 (2.00м) | F63: шт. | G63: 938.28
A64: 1 | B64: AAZG001021AA006991 | C64: AAZG001021 | D64: =D63+1 -> 56 | E64: C 125 (2.00м) | F64: шт. | G64: 1178.16
A65: 1 | B65: AAZG001031AA006704 | C65: AAZG001031 | D65: =D64+1 -> 57 | E65: C 126 (2.00м) | F65: шт. | G65: 943.8
A66: 1 | B66: AAZG001031AA006992 | C66: AAZG001031 | D66: =D65+1 -> 58 | E66: C 126 (2.00м) Flexi | F66: шт. | G66: 1887.6
A67: 1 | B67: AAZG001041AA006994 | C67: AAZG001041 | D67: =D66+1 -> 59 | E67: C 127 (2.00м) | F67: шт. | G67: 1526.76
A68: 1 | B68: AAZG001051AA006118 | C68: AAZG001051 | D68: =D67+1 -> 60 | E68: C 128 (2.00м) | F68: шт. | G68: 630.36
A69: 1 | B69: AAZG001061AA005590 | C69: AAZG001061 | D69: =D68+1 -> 61 | E69: C 129 (2.00м) | F69: шт. | G69: 502.68
B70: ABZG006371AA015608 | C70: ABZG006371 | D70: =D69+1 -> 62 | E70: С 131 (2.00м) | F70: шт. | G70: 3287.88
A71: 1 | B71: AAZG001071AA006160 | C71: AAZG001071 | D71: =D70+1 -> 63 | E71: C 138 (2.00м) | F71: шт. | G71: 787.56
B72: ABZG006431AA015609 | C72: ABZG006431 | D72: =D71+1 -> 64 | E72: С 139 (2.00м) | F72: шт. | G72: 2621.28
A73: 1 | B73: AAZG001081AA006461 | C73: AAZG001081 | D73: =D72+1 -> 65 | E73: C 140 (2.00м) | F73: шт. | G73: 980.16
A74: 1 | B74: AAZG001081AA007001 | C74: AAZG001081 | D74: =D73+1 -> 66 | E74: C 140 (2.00м) Flexi | F74: шт. | G74: 1960.2
A75: 1 | B75: AAZG001091AA000301 | C75: AAZG001091 | D75: =D74+1 -> 67 | E75: C 141 (2.00м) | F75: шт. | G75: 506.04
A76: 1 | B76: AAZG001101AA007005 | C76: AAZG001101 | D76: =D75+1 -> 68 | E76: C 143 (2.00м) | F76: шт. | G76: 1190.16
A77: 1 | B77: AAZG001111AA006921 | C77: AAZG001111 | D77: =D76+1 -> 69 | E77: C 144 (2.00м) | F77: шт. | G77: 875.64
A78: 1 | B78: AAZG001111AA007006 | C78: AAZG001111 | D78: =D77+1 -> 70 | E78: C 144 (2.00м) Flexi | F78: шт. | G78: 1751.16
A79: 1 | B79: AAZG001121AA005653 | C79: AAZG001121 | D79: =D78+1 -> 71 | E79: C 147 (2.00м) | F79: шт. | G79: 493.92
A80: 1 | B80: AAZG001131AA007011 | C80: AAZG001131 | D80: =D79+1 -> 72 | E80: C 150 (2.00м) | F80: шт. | G80: 1845.84
A81: 1 | B81: AAZG001151AA007014 | C81: AAZG001151 | D81: =D80+1 -> 73 | E81: C 156 (2.00м) | F81: шт. | G81: 1845.84
A82: 1 | B82: AAZG001161AA007016 | C82: AAZG001161 | D82: =D81+1 -> 74 | E82: C 158 (2.00м) | F82: шт. | G82: 1158.36
A83: 1 | B83: AAZG001181AA000312 | C83: AAZG001181 | D83: =D82+1 -> 75 | E83: C 160 (2.00м) | F83: шт. | G83: 650.16
A84: 1 | B84: AAZG001191AA005623 | C84: AAZG001191 | D84: =D83+1 -> 76 | E84: C 161 (2.00м) | F84: шт. | G84: 456.48
... A93: 1 | B93: AAZG001261AA006482 | C93: AAZG001261 | D93: =D92+1 -> 85 | E93: C 233 (2.00м) | F93: шт. | G93: 1182.48
B94: AAZG014451AA012752 | C94: AAZG014451 | D94: =D93+1 -> 86 | E94: C 260 (2.00м) | F94: шт. | G94: 1058.16
B95: ABZG006471AA015471 | C95: ABZG006471 | D95: =D94+1 -> 87 | E95: C 919 (2.00м) | F95: шт. | G95: 1559.76
B96: AAZG014931AA015914 | C96: AAZG014931 | D96: =D95+1 -> 88 | E96: C 961 (2.00м) | F96: шт. | G96: 536.76
B97: AAZG014941AA015916 | C97: AAZG014941 | D97: =D96+1 -> 89 | E97: C 962 (2.00м) | F97: шт. | G97: 635.76
B98: AAZG014591AA015895 | C98: AAZG014591 | D98: =D97+1 -> 90 | E98: C 963 (2.00м) | F98: шт. | G98: 677.64
B99: AAZG014601AA015897 | C99: AAZG014601 | D99: =D98+1 -> 91 | E99: C 964 (2.00м) | F99: шт. | G99: 1195.68
B100: AAZG014611AA015899 | C100: AAZG014611 | D100: =D99+1 -> 92 | E100: C 965 (2.00м) | F100: шт. | G100: 1457.52
B101: AAZG015061AA015920 | C101: AAZG015061 | D101: =D100+1 -> 93 | E101: C 966 (2.00м) | F101: шт. | G101: 1327.68
B102: AAZG014711AA015906 | C102: AAZG014711 | D102: =D101+1 -> 94 | E102: C 967 (2.00м) | F102: шт. | G102: 660
B103: AAZG014661AA015610 | C103: AAZG014661 | D103: =D102+1 -> 95 | E103: C 968 (2.00м) Flexi | F103: шт. | G103: 2151.6
B104: AAZG014661AA015901 | C104: AAZG014661 | D104: =D103+1 -> 96 | E104: C 968 (2.00м) | F104: шт. | G104: 1075.8
B105: AAZG014681AA015904 | C105: AAZG014681 | D105: =D104+1 -> 97 | E105: C 969 (2.00м) | F105: шт. | G105: 1384.92
... B110: AAZG015051AA015918 | C110: AAZG015051 | D110: =D109+1 -> 102 | E110: C 973 (2.00м) | F110: шт. | G110: 1196.76
A111: 1 | B111: AAZG001281AA006549 | C111: AAZG001281 | D111: =D110+1 -> 103 | E111: P 132 (2.00м) | F111: шт. | G111: 1698.36
A112: 1 | B112: AAZG001291AA006153 | C112: AAZG001291 | D112: =D111+1 -> 104 | E112: P 133 (2.00м) | F112: шт. | G112: 1290.36
A113: 1 | B113: AAZG001291AA007037 | C113: AAZG001291 | D113: =D112+1 -> 105 | E113: P 133 (2.00м) Flexi | F113: шт. | G113: 2580.6
A114: 1 | B114: AAZG001301AA005639 | C114: AAZG001301 | D114: =D113+1 -> 106 | E114: P 134 (2.00м) | F114: шт. | G114: 600.6
A115: 1 | B115: AAZG001301AA006216 | C115: AAZG001301 | D115: =D114+1 -> 107 | E115: P 134 (2.00м) Flexi | F115: шт. | G115: 1201.2
A116: 1 | B116: AAZG001311AA005598 | C116: AAZG001311 | D116: =D115+1 -> 108 | E116: P 135 (2.00м) | F116: шт. | G116: 700.68
A117: 1 | B117: AAZG001311AA006726 | C117: AAZG001311 | D117: =D116+1 -> 109 | E117: P 135 (2.00м) Flexi | F117: шт. | G117: 1401.36
A118: 1 | B118: AAZG001321AA005640 | C118: AAZG001321 | D118: =D117+1 -> 110 | E118: P 136 (2.00м) | F118: шт. | G118: 784.32
A119: 1 | B119: AAZG001321AA006219 | C119: AAZG001321 | D119: =D118+1 -> 111 | E119: P 136 (2.00м) Flexi | F119: шт. | G119: 1568.64
A120: 1 | B120: AAZG001331AA006730 | C120: AAZG001331 | D120: =D119+1 -> 112 | E120: P 149 (2.00м) | F120: шт. | G120: 1691.76
A121: 1 | B121: AAZG001341AA006222 | C121: AAZG001341 | D121: =D120+1 -> 113 | E121: P 2001 (2.00м) | F121: шт. | G121: 695.16
A122: 1 | B122: AAZG001341AA006221 | C122: AAZG001341 | D122: =D121+1 -> 114 | E122: P 2001 (2.00м) Flexi | F122: шт. | G122: 1390.44
... A212: 1 | B212: AAZG012401AA007139 | C212: AAZG012401 | D212: =D211+1 -> 204 | E212: P 888 (2.00м) Flexi | F212: шт. | G212: 3383.64
A213: 1 | B213: AAZG013381AA008087 | C213: AAZG013381 | D213: =D212+1 -> 205 | E213: P 889 (2.00м) | F213: шт. | G213: 1101.12 | H213: Шторний карниз
A214: 1 | B214: AAZG013391AA008088 | C214: AAZG013391 | D214: =D213+1 -> 206 | E214: P 890 (2.00м) | F214: шт. | G214: 999.96 | H214: Шторний карниз
A215: 1 | B215: AAZG013401AA008089 | C215: AAZG013401 | D215: =D214+1 -> 207 | E215: P 891 (2.00м) | F215: шт. | G215: 1161.6 | H215: Шторний карниз
A216: 1 | B216: AAZG013551AA008381 | C216: AAZG013551 | D216: =D215+1 -> 208 | E216: P 892 (2.00м) | F216: шт. | G216: 303.6
A217: 1 | B217: AAZG013561AA008382 | C217: AAZG013561 | D217: =D216+1 -> 209 | E217: P 893 (2.00м) | F217: шт. | G217: 600.6
A218: 1 | B218: AAZG014141AA012473 | C218: AAZG014141 | D218: =D217+1 -> 210 | E218: P 894 (2.00м) | F218: шт. | G218: 999.96 | H218: Шторний карниз
A219: 1 | B219: AAZG014151AA012475 | C219: AAZG014151 | D219: =D218+1 -> 211 | E219: P 895 (2.00м) | F219: шт. | G219: 1161.6 | H219: Шторний карниз
B220: ABZG007071AA015252 | C220: ABZG007071 | D220: =D219+1 -> 212 | E220: P 923 (2.00м) | F220: шт. | G220: 1077.96
B221: ABZG007071AA015254 | C221: ABZG007071 | D221: =D220+1 -> 213 | E221: P 923 (2.00м) Flexi | F221: шт. | G221: 2156.04
B222: AAZG015781AA015402 | C222: AAZG015781 | D222: =D221+1 -> 214 | E222: P 961 (2.00м) | F222: шт. | G222: 580.8
B223: AAZG015791AA015403 | C223: AAZG015791 | D223: =D222+1 -> 215 | E223: P 962 (2.00м) | F223: шт. | G223: 822.84
B224: AAZG015801AA015410 | C224: AAZG015801 | D224: =D223+1 -> 216 | E224: P 963 (2.00м) | F224: шт. | G224: 1398.12
A225: 1 | D225: Колона
A226: 1 | B226: AAZI001841AA000416 | C226: AAZI001841 | D226: =D224+1 -> 217 | E226: L 9301 тіло-Full | F226: шт. | G226: 7235.76
A227: 1 | B227: AAZI001841AA000417 | C227: AAZI001841 | D227: =D226+1 -> 218 | E227: L 9301 тіло-Half | F227: шт. | G227: 3617.88
A228: 1 | B228: AAZI001861AA000418 | C228: AAZI001861 | D228: =D227+1 -> 219 | E228: L 9302 тіло-Full | F228: шт. | G228: 7015.8
...

Sheet Grand Decor_NEW!!!
H1: ='Gaudi Decor'!H1 -> ТОВ "Еліт Декор"
D3: Каталог товарів колекції "Grand Decor"
F4: ='Gaudi Decor'!F4 -> 46272
A6: 1 | B6: ЭД-АРТикул колекції | D6: Найменування | F6: Од. | G6: Роздрібна ціна з ПДВ, грн | H6: Примітка
A7: 1
A8: 1 | D8: Аксесуар
A9: 1 | B9: ALZA000001AL013912 | C9: ALZA000001 | D9: 1 | E9: Світловідбиваюча стрічка, 10 м.п. | F9: шт. | G9: 36
A10: 1 | B10: ALZA000001AL013913 | C10: ALZA000001 | D10: 2 | E10: Світловідбиваюча стрічка, 20 м.п. | F10: шт. | G10: 72
A11: 1 | B11: ALZA000001AL013914 | C11: ALZA000001 | D11: 3 | E11: Світловідбиваюча стрічка, 50 м.п. | F11: шт. | G11: 180
A12: 1 | D12: Молдинг серія H
A13: 1 | B13: ALYU013871AL013134 | C13: ALYU013871 | D13: =D11+1 -> 4 | E13: HCR 501 (2.00м) | F13: шт. | G13: 179.52
A14: 1 | B14: ALYU014741AL013897 | C14: ALYU014741 | D14: =D13+1 -> 5 | E14: HCR 501 (2.00м) Flex | F14: шт. | G14: 396
A15: 1 | B15: ALYU014841AL014075 | C15: ALYU014841 | D15: =D14+1 -> 6 | E15: HCR 501-1 кутовий елемент | F15: шт. | G15: 92.4
A16: 1 | B16: ALYU015121AL014244 | C16: ALYU015121 | D16: =D15+1 -> 7 | E16: HCR 501-2 кутовий елемент | F16: шт. | G16: 132.36
A17: 1 | B17: ALYU015181AL014345 | C17: ALYU015181 | D17: =D16+1 -> 8 | E17: HCR 501-3 кутовий елемент | F17: шт. | G17: 227.88
A18: 1 | B18: ALYU013881AL013135 | C18: ALYU013881 | D18: =D17+1 -> 9 | E18: HCR 502 (2.00м) | F18: шт. | G18: 194.28
A19: 1 | B19: ALYU014501AL012951 | C19: ALYU014501 | D19: =D18+1 -> 10 | E19: HCR 502 (2.00м) Flex | F19: шт. | G19: 374.04
A20: 1 | B20: ALYU014851AL014076 | C20: ALYU014851 | D20: =D19+1 -> 11 | E20: HCR 502-1 кутовий елемент | F20: шт. | G20: 99.72
A21: 1 | B21: ALYU014961AL014174 | C21: ALYU014961 | D21: =D20+1 -> 12 | E21: HCR 502-2 кутовий елемент | F21: шт. | G21: 270.96
A22: 1 | B22: ALYU014971AL014175 | C22: ALYU014971 | D22: =D21+1 -> 13 | E22: HCR 502-3 кутовий елемент | F22: шт. | G22: 95.52
A23: 1 | B23: ALYU013891AL013136 | C23: ALYU013891 | D23: =D22+1 -> 14 | E23: HCR 503 (2.00м) | F23: шт. | G23: 194.28
A24: 1 | B24: ALYU014481AL012957 | C24: ALYU014481 | D24: =D23+1 -> 15 | E24: HCR 503 (2.00м) Flex | F24: шт. | G24: 427.92
A25: 1 | B25: ALYU013891AL015025 | C25: ALYU013891 | D25: =D24+1 -> 16 | E25: HCR 503 (3.00м) | F25: шт. | G25: 290.88
... A54: 1 | B54: ALYU015081AL014205 | C54: ALYU015081 | D54: =D53+1 -> 45 | E54: HCR 516-3 кутовий елемент | F54: шт. | G54: 135.48
B55: ALYU016491AL015986 | C55: ALYU016491 | D55: =D54+1 -> 46 | E55: HCR 516-4 кутовий елемент | F55: шт. | G55: 144.96 | H55: Новинка!!!
A56: 1 | B56: ALYU014901AL014107 | C56: ALYU014901 | D56: =D55+1 -> 47 | E56: HCR 517 (2.00м) | F56: шт. | G56: 254.16
A57: 1 | B57: ALYU015001AL014202 | C57: ALYU015001 | D57: =D56+1 -> 48 | E57: HCR 517 (2.00м) Flex | F57: шт. | G57: 512.64
A58: 1 | B58: ALYU015021AL014184 | C58: ALYU015021 | D58: =D57+1 -> 49 | E58: HCR 517-1 кутовий елемент | F58: шт. | G58: 157.56
A59: 1 | B59: ALYU015031AL014185 | C59: ALYU015031 | D59: =D58+1 -> 50 | E59: HCR 517-2 кутовий елемент | F59: шт. | G59: 219.48
A60: 1 | B60: ALYU015161AL014341 | C60: ALYU015161 | D60: =D59+1 -> 51 | E60: HCR 517-3 кутовий елемент | F60: шт. | G60: 240.48
B61: ALYU016581AL016111 | C61: ALYU016581 | D61: =D60+1 -> 52 | E61: HCR 517-4 кутовий елемент | F61: шт. | G61: 240 | H61: Новинка!!!
B62: ALYU016591AL016112 | C62: ALYU016591 | D62: =D61+1 -> 53 | E62: HCR 517/523 кутовий елемент | F62: шт. | G62: 585 | H62: Новинка!!!
A63: 1 | B63: ALYU014891AL014106 | C63: ALYU014891 | D63: =D62+1 -> 54 | E63: HCR 518 (2.00м) | F63: шт. | G63: 250.92
A64: 1 | B64: ALYU015011AL014203 | C64: ALYU015011 | D64: =D63+1 -> 55 | E64: HCR 518 (2.00м) Flex | F64: шт. | G64: 520.32
A65: 1 | B65: ALYU015041AL014186 | C65: ALYU015041 | D65: =D64+1 -> 56 | E65: HCR 518-1 кутовий елемент | F65: шт. | G65: 157.56
A66: 1 | B66: ALYU015171AL014342 | C66: ALYU015171 | D66: =D65+1 -> 57 | E66: HCR 518-2 кутовий елемент | F66: шт. | G66: 276.12
A67: 1 | B67: ALYU015191AL014346 | C67: ALYU015191 | D67: =D66+1 -> 58 | E67: HCR 518-3 кутовий елемент | F67: шт. | G67: 189
A68: 1 | B68: ALYU015581AL015189 | C68: ALYU015581 | D68: =D67+1 -> 59 | E68: HCR 519 (2.00м) | F68: шт. | G68: 330.72
A69: 1 | B69: ALYU015771AL015399 | C69: ALYU015771 | D69: =D68+1 -> 60 | E69: HCR 519 (2.00м) Flex | F69: шт. | G69: 831.6
A70: 1 | B70: ALYU015201AL014359 | C70: ALYU015201 | D70: =D69+1 -> 61 | E70: HCR 520 (2.00м) | F70: шт. | G70: 413.76
A71: 1 | B71: ALYU015291AL014595 | C71: ALYU015291 | D71: =D70+1 -> 62 | E71: HCR 520 (2.00м) Flex | F71: шт. | G71: 1124.16
A72: 1 | B72: ALYU015241AL014427 | C72: ALYU015241 | D72: =D71+1 -> 63 | E72: HCR 521 (2.00м) | F72: шт. | G72: 501.96
A73: 1 | B73: ALYU015911AL015568 | C73: ALYU015911 | D73: =D72+1 -> 64 | E73: HCR 522 (2.00м) | F73: шт. | G73: 207.96
B74: ALYU016021AL015607 | C74: ALYU016021 | D74: =D73+1 -> 65 | E74: HCR 522-1 кутовий елемент | F74: шт. | G74: 93.48
B75: ALYU016311AL015785 | C75: ALYU016311 | D75: =D74+1 -> 66 | E75: HCR 522-2 кутовий елемент | F75: шт. | G75: 241.56
B76: ALYU016411AL015853 | C76: ALYU016411 | D76: =D75+1 -> 67 | E76: HCR 522-3 кутовий елемент | F76: шт. | G76: 243.6
A77: 1 | B77: ALYU015331AL015055 | C77: ALYU015331 | D77: =D76+1 -> 68 | E77: HCR 523 (2.00м) | F77: шт. | G77: 109.2
A78: 1 | B78: ALYU015381AL015116 | C78: ALYU015381 | D78: =D77+1 -> 69 | E78: HCR 523 (2.00м) Flex | F78: шт. | G78: 281.64
A79: 1 | B79: ALYU015341AL015056 | C79: ALYU015341 | D79: =D78+1 -> 70 | E79: HCR 524 (2.00м) | F79: шт. | G79: 260.4
A80: 1 | B80: ALYU015371AL015117 | C80: ALYU015291 | D80: =D79+1 -> 71 | E80: HCR 524 (2.00м) Flex | F80: шт. | G80: 592.92
A81: 1 | B81: ALYU015471AL015150 | C81: ALYU015471 | D81: =D80+1 -> 72 | E81: HCR 524-1 кутовий елемент | F81: шт. | G81: 193.2
A82: 1 | B82: ALYU015481AL015151 | C82: ALYU015481 | D82: =D81+1 -> 73 | E82: HCR 524-2 кутовий елемент | F82: шт. | G82: 254.16
A83: 1 | B83: ALYU015741AL015346 | C83: ALYU015741 | D83: =D82+1 -> 74 | E83: HCR 524-3 кутовий елемент | F83: шт. | G83: 242.52
B84: ALYU016101AL015674 | C84: ALYU016101 | D84: =D83+1 -> 75 | E84: HCR 525 (2.00м) | F84: шт. | G84: 363.36
A85: 1 | B85: ALYU015611AL015224 | C85: ALYU015611 | D85: =D84+1 -> 76 | E85: HCR 526 (2.00м) | F85: шт. | G85: 176.4
A86: 1 | B86: ALYU015591AL015198 | C86: ALYU015591 | D86: =D85+1 -> 77 | E86: HCR 527 (2.00м) | F86: шт. | G86: 393.72
A87: 1 | B87: ALYU015671AL015248 | C87: ALYU015671 | D87: =D86+1 -> 78 | E87: HCR 527 (2.00 м) Flex | F87: шт. | G87: 992.16
A88: 1 | B88: ALYU015691AL015312 | C88: ALYU015691 | D88: =D87+1 -> 79 | E88: HCR 528 (2.00м) | F88: шт. | G88: 129.12
A89: 1 | B89: ALYU015721AL015342 | C89: ALYU015721 | D89: =D88+1 -> 80 | E89: HCR 528 (2.00м) Flex | F89: шт. | G89: 391.56
A90: 1 | B90: ALYU015711AL015341 | C90: ALYU015711 | D90: =D89+1 -> 81 | E90: HCR 529 (2.00м) | F90: шт. | G90: 418.92
A91: 1 | B91: ALYU015821AL015438 | C91: ALYU015821 | D91: =D90+1 -> 82 | E91: HCR 530 (2.00м) | F91: шт. | G91: 252
B92: ALYU016331AL015788 | C92: ALYU016331 | D92: =D91+1 -> 83 | E92: HCR 531 (2.00м) | F92: шт. | G92: 430.56
B93: ALYU016361AL015829 | C93: ALYU016361 | D93: =D92+1 -> 84 | E93: HCR 531 (2.00м) Flex | F93: шт. | G93: 1172.64
B94: ALYU016601AL016173 | C94: ALYU016601 | D94: =D93+1 -> 85 | E94: HCR 533 (2.00м) | F94: шт. | G94: 259.2 | H94: Новинка!!!
B95: ALYU016631AL016192 | C95: ALYU016631 | D95: =D94+1 -> 86 | E95: HCR 534 (2.00м) | F95: шт. | G95: 156 | H95: Новинка!!!
B96: ALYU016651AL016240 | C96: ALYU016651 | D96: =D95+1 -> 87 | E96: HCR 535 (2.00м) | F96: шт. | G96: 147 | H96: Новинка!!!
A97: 1 | D97: Карниз серія H
A98: 1 | B98: ALYT013771AL003505 | C98: ALYT013771 | D98: =D96+1 -> 88 | E98: KH 901 (2.00м) | F98: шт. | G98: 396.96
A99: 1 | B99: ALYT013781AL003506 | C99: ALYT013781 | D99: =D98+1 -> 89 | E99: KH 902 (2.00м) | F99: шт. | G99: 217.32
A100: 1 | B100: ALYT013791AL003507 | C100: ALYT013791 | D100: =D99+1 -> 90 | E100: KH 903 (2.00м) | F100: шт. | G100: 294
A101: 1 | B101: ALYT014821AL014058 | C101: ALYT014821 | D101: =D100+1 -> 91 | E101: KH 903 (2.00м) Flex | F101: шт. | G101: 679.8
A102: 1 | B102: ALYT013801AL003508 | C102: ALYT013801 | D102: =D101+1 -> 92 | E102: KH 904 (2.00м) | F102: шт. | G102: 298.2
A103: 1 | B103: ALYT013811AL003509 | C103: ALYT013811 | D103: =D102+1 -> 93 | E103: KH 905 (2.00м) | F103: шт. | G103: 353.88
A104: 1 | B104: ALYT014811AL014055 | C104: ALYT014811 | D104: =D103+1 -> 94 | E104: KH 905 (2.00 м) Flex | F104: шт. | G104: 756.84
A105: 1 | B105: ALYT013821AL003510 | C105: ALYT013821 | D105: =D104+1 -> 95 | E105: KH 906 (2.00м) | F105: шт. | G105: 259.32
A106: 1 | B106: ALZX014831AL014073 | C106: ALZX014831 | D106: =D105+1 -> 96 | E106: KH 906 (2.00м) Flex | F106: шт. | G106: 640.2
A107: 1 | B107: ALYT013831AL003511 | C107: ALYT013831 | D107: =D106+1 -> 97 | E107: KH 907 (2.00м) | F107: шт. | G107: 376.92
A108: 1 | B108: ALYT014911AL014108 | C108: ALYT014911 | D108: =D107+1 -> 98 | E108: KH 911 (2.00м) | F108: шт. | G108: 494.52
A109: 1 | B109: ALYT014921AL014109 | C109: ALYT014921 | D109: =D108+1 -> 99 | E109: KH 912 (2.00м) | F109: шт. | G109: 396.96
A110: 1 | B110: ALYT015091AL014229 | C110: ALYT015091 | D110: =D109+1 -> 100 | E110: KH 913 (2.00м) | F110: шт. | G110: 203.76
... A117: 1 | B117: ALYT015731AL015343 | C117: ALYT015731 | D117: =D116+1 -> 107 | E117: KH 919 (2.00м) Flex | F117: шт. | G117: 1143.96
B118: ALYT015751AL015347 | C118: ALYT015751 | D118: =D117+1 -> 108 | E118: KH 920 (2.00м) | F118: шт. | G118: 893.52
B119: ALYT016401AL015846 | C119: ALYT016401 | D119: =D118+1 -> 109 | E119: KH 921 (2.00м) | F119: шт. | G119: 513.48 | H119: Новинка!!!
D120: Панель декоративна серія H
B121: ALXE016441AL015861 | C121: ALXE016441 | D121: =D119+1 -> 110 | E121: HW 368 (2.00м) | F121: шт. | G121: 1445.88
B122: ALXE016481AL015979 | C122: ALXE016481 | D122: =D121+1 -> 111 | E122: HW 368 (2.00м) Flex | F122: шт. | G122: 3795
B123: ALXE016441AL015862 | C123: ALXE016441 | D123: =D122+1 -> 112 | E123: HW 368 (2.80м) | F123: шт. | G123: 2022.36
B124: ALXE016351AL015827 | C124: ALXE016351 | D124: =D123+1 -> 113 | E124: HW 369 (2.00м) | F124: шт. | G124: 1351.32
B125: ALXE016471AL015978 | C125: ALXE016471 | D125: =D124+1 -> 114 | E125: HW 369 (2.00м) Flex | F125: шт. | G125: 3548.64
B126: ALXE016351AL015826 | C126: ALXE016352 | D126: =D125+1 -> 115 | E126: HW 369 (2.80м) | F126: шт. | G126: 1890
B127: ALXE016571AL016102 | C127: ALXE016571 | D127: =D126+1 -> 116 | E127: HW 373 (2.00м) | F127: шт. | G127: 1770 | H127: Новинка!!!
B128: ALXE016571AL016103 | C128: ALXE016571 | D128: =D127+1 -> 117 | E128: HW 373 (2.80м) | F128: шт. | G128: 2478 | H128: Новинка!!!
B129: ALXE016321AL015786 | C129: ALXE016321 | D129: =D128+1 -> 118 | E129: HW 375 (2.00м) | F129: шт. | G129: 1417.56
B130: ALXE016321AL015787 | C130: ALXE016321 | D130: =D129+1 -> 119 | E130: HW 375 (2.80м) | F130: шт. | G130: 1984.56

Sheet Harmony
H1: ='Gaudi Decor'!H1 -> ТОВ "Еліт Декор"
B3: Каталог товарів колекції "Harmony"
D4: ='Gaudi Decor'!F4 -> 46272
B6: ЭД-АРТикул колекції | D6: Найменування | F6: Од. | G6: Роздрібна ціна з ПДВ, грн | H6: Примітка
D8: Камін
B9: ABZF*****2AB001022 | D9: 1 | E9: FP 1101 | F9: шт. | G9: 27338.28
A10: 1 | D10: Карниз
A11: 1 | B11: ABZG005911AB006985 | C11: ABZG005911 | D11: =D9+1 -> 2 | E11: K 101 (2.00м) | F11: шт. | G11: 587.4
A12: 1 | B12: ABZG005941AB007003 | C12: ABZG005941 | D12: =D11+1 -> 3 | E12: K 104 (2.00м) | F12: шт. | G12: 836.04
A13: 1 | B13: ABZG005941AB007002 | C13: ABZG005941 | D13: =D12+1 -> 4 | E13: K 104 (2.00м) Flexi | F13: шт. | G13: 1671.96
A14: 1 | B14: ABZG005951AB007020 | C14: ABZG005951 | D14: =D13+1 -> 5 | E14: K 105 (2.00м) | F14: шт. | G14: 520.32
A15: 1 | B15: ABZG005951AB007013 | C15: ABZG005951 | D15: =D14+1 -> 6 | E15: K 105 (2.00м) Flexi | F15: шт. | G15: 1040.64
A16: 1 | B16: ABZG006001AB007047 | C16: ABZG006001 | D16: =D15+1 -> 7 | E16: K 1111 (2.00м) | F16: шт. | G16: 731.52
A17: 1 | B17: ABZG006001AB007045 | C17: ABZG006001 | D17: =D16+1 -> 8 | E17: K 1111 (2.00м) Flexi | F17: шт. | G17: 1463.04
A18: 1 | B18: ABZG006011AB007054 | C18: ABZG006011 | D18: =D17+1 -> 9 | E18: K 1119 (2.00м) | F18: шт. | G18: 438.96
A19: 1 | B19: ABZG006031AB007060 | C19: ABZG006031 | D19: =D18+1 -> 10 | E19: K 1122 (2.00м) | F19: шт. | G19: 805.2
A20: 1 | B20: ABZG006031AB007057 | C20: ABZG006031 | D20: =D19+1 -> 11 | E20: K 1122 (2.00м) Flexi | F20: шт. | G20: 1610.4
A21: 1 | B21: ABZG006041AB007062 | C21: ABZG006041 | D21: =D20+1 -> 12 | E21: K 1126 (2.00м) | F21: шт. | G21: 513.72
A22: 1 | B22: ABZG006061AB005945 | C22: ABZG006061 | D22: =D21+1 -> 13 | E22: K 113 (2.00м) | F22: шт. | G22: 525.84
A23: 1 | B23: ABZG006061AB007070 | C23: ABZG006061 | D23: =D22+1 -> 14 | E23: K 113 (2.00м) Flexi | F23: шт. | G23: 1051.56
... A146: 1 | B146: ABZG007381AB007301 | C146: ABZG007381 | D146: =D145+1 -> 137 | E146: K 274 (2.00м) Flexi | F146: шт. | G146: 1192.44
A147: 1 | D147: Консоль
A148: 1 | B148: ABZJ007821AB001147 | C148: ABZJ007821 | D148: =D146+1 -> 138 | E148: B 210 | F148: шт. | G148: 372.96
A149: 1 | B149: ABZJ007841AB001148 | C149: ABZJ007841 | D149: =D148+1 -> 139 | E149: B 216 | F149: шт. | G149: 795.36
A150: 1 | B150: ABZJ007851AB001855 | C150: ABZJ007851 | D150: =D149+1 -> 140 | E150: B 217 | F150: шт. | G150: 452.16
A151: 1 | B151: ABZJ007881AB001857 | C151: ABZJ007881 | D151: =D150+1 -> 141 | E151: B 222 | F151: шт. | G151: 370.68
A152: 1 | B152: ABZJ007891AB001150 | C152: ABZJ007891 | D152: =D151+1 -> 142 | E152: B 223 | F152: шт. | G152: 354.24
A153: 1 | B153: ABZJ007901AB001151 | C153: ABZJ007901 | D153: =D152+1 -> 143 | E153: B 227 | F153: шт. | G153: 928.44
A154: 1 | B154: ABZJ007911AB001152 | C154: ABZJ007911 | D154: =D153+1 -> 144 | E154: B 230 | F154: шт. | G154: 1258.44
A155: 1 | D155: Купол
A156: 1 | B156: ABZK007931AB001859 | C156: ABZK007931 | D156: =D154+1 -> 145 | E156: KR 207 | F156: шт. | G156: 6099.48
A157: 1 | D157: Молдинг
A158: 1 | B158: ABZL007941AB006115 | C158: ABZL007941 | D158: =D156+1 -> 146 | E158: M 101 (2.00м) | F158: шт. | G158: 368.52
A159: 1 | B159: ABZL007991AB007258 | C159: ABZL007991 | D159: =D158+1 -> 147 | E159: M 104 (2.00м) | F159: шт. | G159: 914.16
A160: 1 | B160: ABZL007991AB007266 | C160: ABZL007991 | D160: =D159+1 -> 148 | E160: M 104 (2.00м) Flexi | F160: шт. | G160: 1828.2
A161: 1 | B161: ABZL008021AB007260 | C161: ABZL008021 | D161: =D160+1 -> 149 | E161: M 106 (2.00м) | F161: шт. | G161: 401.52
A162: 1 | B162: ABZL008031AB001162 | C162: ABZL008031 | D162: =D161+1 -> 150 | E162: M 106-2 кутовий елемент | F162: шт. | G162: 281.64
A163: 1 | B163: ABZL008041AB007263 | C163: ABZL008041 | D163: =D162+1 -> 151 | E163: M 107 (2.00м) | F163: шт. | G163: 367.44
A164: 1 | B164: ABZL008061AB001165 | C164: ABZL008061 | D164: =D163+1 -> 152 | E164: M 107-2 кутовий елемент | F164: шт. | G164: 283.8
A165: 1 | B165: ABZL008071AB005941 | C165: ABZL008071 | D165: =D164+1 -> 153 | E165: M 108 (2.00м) | F165: шт. | G165: 518.16
A166: 1 | B166: ABZL008081AB006078 | C166: ABZL008081 | D166: =D165+1 -> 154 | E166: M 110 (2.00м) | F166: шт. | G166: 234.36
A167: 1 | B167: ABZL008081AB007291 | C167: ABZL008081 | D167: =D166+1 -> 155 | E167: M 110 (2.00м) Flexi | F167: шт. | G167: 468.6
A168: 1 | B168: ABZL008101AB001168 | C168: ABZL008101 | D168: =D167+1 -> 156 | E168: M 110-2 кутовий елемент | F168: шт. | G168: 172.68
A169: 1 | B169: ABZL008111AB007300 | C169: ABZL008111 | D169: =D168+1 -> 157 | E169: M 1105 (2.00м) | F169: шт. | G169: 351.96
A170: 1 | B170: ABZL008171AB005949 | C170: ABZL008171 | D170: =D169+1 -> 158 | E170: M 1115 (2.00м) | F170: шт. | G170: 318.96
... A180: 1 | B180: ABZL008391AB001194 | C180: ABZL008391 | D180: =D179+1 -> 168 | E180: M 114-1 кутовий елемент | F180: шт. | G180: 233.16
B181: ABZL014241AB012677 | C181: ABZL014241 | D181: =D180+1 -> 169 | E181: M 114-2 кутовий елемент | F181: шт. | G181: 181.56
A182: 1 | B182: ABZL008411AB005613 | C182: ABZL008411 | D182: =D181+1 -> 170 | E182: M 1149 (2.00м) | F182: шт. | G182: 462
A183: 1 | B183: ABZL008411AB006691 | C183: ABZL008411 | D183: =D182+1 -> 171 | E183: M 1149 (2.00м) Flexi | F183: шт. | G183: 924
A184: 1 | B184: ABZL008421AB007268 | C184: ABZL008421 | D184: =D183+1 -> 172 | E184: M 115 (2.00м) | F184: шт. | G184: 199.08
A185: 1 | B185: ABZL008421AB007321 | C185: ABZL008421 | D185: =D184+1 -> 173 | E185: M 115 (2.00м) Flexi | F185: шт. | G185: 398.16
A186: 1 | B186: ABZL008461AB006759 | C186: ABZL008461 | D186: =D185+1 -> 174 | E186: M 117 (2.00м) | F186: шт. | G186: 358.56
A187: 1 | B187: ABZL008481AB007272 | C187: ABZL008481 | D187: =D186+1 -> 175 | E187: M 119 (2.00м) | F187: шт. | G187: 533.52
A188: 1 | B188: ABZL008541AB006321 | C188: ABZL008541 | D188: =D187+1 -> 176 | E188: M 124 (2.00м) | F188: шт. | G188: 348.72
A189: 1 | B189: ABZL008541AB006301 | C189: ABZL008541 | D189: =D188+1 -> 177 | E189: M 124 (2.00м) Flexi | F189: шт. | G189: 697.44
A190: 1 | B190: ABZL008551AB001207 | C190: ABZL008551 | D190: =D189+1 -> 178 | E190: M 124-1 кутовий елемент | F190: шт. | G190: 276.12
A191: 1 | B191: ABZL008561AB006538 | C191: ABZL008561 | D191: =D190+1 -> 179 | E191: M 125 (2.00м) | F191: шт. | G191: 399.36
A192: 1 | B192: ABZL008561AB007333 | C192: ABZL008561 | D192: =D191+1 -> 180 | E192: M 125 (2.00м) Flexi | F192: шт. | G192: 798.6
A193: 1 | B193: ABZL008571AB001209 | C193: ABZL008571 | D193: =D192+1 -> 181 | E193: M 125-1 кутовий елемент | F193: шт. | G193: 251.88
... A242: 1 | B242: ABZL009291AB007422 | C242: ABZL009291 | D242: =D241+1 -> 230 | E242: M 235 (2.00м) Flexi | F242: шт. | G242: 1861.2
B243: AYZL012441AB015344 | C243: AYZL012441 | D243: =D242+1 -> 231 | E243: M 245 (2.00м) | F243: шт. | G243: 762.36
A244: 1 | B244: ABZL013361AB003431 | C244: ABZL013361 | D244: =D243+1 -> 232 | E244: M 251 (2.00м) | F244: шт. | G244: 584.16
A245: 1 | B245: AYZL012451AB006553 | C245: AYZL012451 | D245: =D244+1 -> 233 | E245: M 255 (2.00м) | F245: шт. | G245: 1175.88
A246: 1 | D246: Лиштва
A247: 1 | B247: ABZN009311AB001263 | C247: ABZN009311 | D247: =D245+1 -> 234 | E247: D 1101 нижній елемент | F247: шт. | G247: 422.4
A248: 1 | B248: ABZN009321AB001264 | C248: ABZN009321 | D248: =D247+1 -> 235 | E248: D 1102 (2.40м) | F248: шт. | G248: 1077.96
A249: 1 | B249: ABZN009401AB001271 | C249: ABZN009401 | D249: =D248+1 -> 236 | E249: D 1110 (2.16м) | F249: шт. | G249: 1308.96
A250: 1 | B250: ABZN009461AB001273 | C250: ABZN009461 | D250: =D249+1 -> 237 | E250: D 1119 (1.24м) фронтон | F250: шт. | G250: 2229.72
A251: 1 | B251: ABZN009491AB001916 | C251: ABZN009491 | D251: =D250+1 -> 238 | E251: D 1125 вставка | F251: шт. | G251: 369.6
A252: 1 | B252: ABZN009511AB001918 | C252: ABZN009511 | D252: =D251+1 -> 239 | E252: D 1127 (2.20м) | F252: шт. | G252: 1842.48
A253: 1 | B253: ABZN009551AB001921 | C253: ABZN009551 | D253: =D252+1 -> 240 | E253: D 1131 (0.801м) фронтон | F253: шт. | G253: 701.76
A254: 1 | B254: ABZN009561AB001275 | C254: ABZN009561 | D254: =D253+1 -> 241 | E254: D 1132L вставка | F254: шт. | G254: 795.36
A255: 1 | B255: ABZN009571AB001276 | C255: ABZN009571 | D255: =D254+1 -> 242 | E255: D 1132R вставка | F255: шт. | G255: 795.36
A256: 1 | B256: ABZN009621AB001279 | C256: ABZN009621 | D256: =D255+1 -> 243 | E256: D 1602L кутова вставка | F256: шт. | G256: 609.36
A257: 1 | B257: ABZN009631AB001280 | C257: ABZN009631 | D257: =D256+1 -> 244 | E257: D 1602R кутова вставка | F257: шт. | G257: 609.36
A258: 1 | D258: Орнамент
A259: 1 | B259: ABZQ009701AB001284 | C259: ABZQ009701 | D259: =D257+1 -> 245 | E259: A 151L | F259: шт. | G259: 204.6
A260: 1 | B260: ABZQ012021AB001285 | C260: ABZQ012021 | D260: =D259+1 -> 246 | E260: A 151R | F260: шт. | G260: 204.6
A261: 1 | B261: ABZQ009751AB001288 | C261: ABZQ009751 | D261: =D260+1 -> 247 | E261: KR 349 | F261: шт. | G261: 119.88
A262: 1 | B262: ABZQ009761AB001289 | C262: ABZQ009761 | D262: =D261+1 -> 248 | E262: KR 350 | F262: шт. | G262: 119.88
A263: 1 | D263: Панно
A264: 1 | B264: ABZS009791AB001930 | C264: ABZS009791 | D264: =D262+1 -> 249 | E264: A 110 | F264: шт. | G264: 265.08
A265: 1 | B265: ABZS009811AB001932 | C265: ABZS009811 | D265: =D264+1 -> 250 | E265: A 111 | F265: шт. | G265: 181.56
A266: 1 | B266: ABZS009821AB001290 | C266: ABZS009821 | D266: =D265+1 -> 251 | E266: A 113 | F266: шт. | G266: 180.36
A267: 1 | B267: ABZS009831AB001291 | C267: ABZS009831 | D267: =D266+1 -> 252 | E267: A 115 | F267: шт. | G267: 262.92
A268: 1 | B268: ABZS009841AB001292 | C268: ABZS009841 | D268: =D267+1 -> 253 | E268: A 116 | F268: шт. | G268: 189.24
A269: 1 | B269: ABZS009851AB001293 | C269: ABZS009851 | D269: =D268+1 -> 254 | E269: A 117 | F269: шт. | G269: 242.04
A270: 1 | B270: ABZS009871AB001933 | C270: ABZS009871 | D270: =D269+1 -> 255 | E270: A 119 | F270: шт. | G270: 271.68
A271: 1 | B271: ABZS009881AB001294 | C271: ABZS009881 | D271: =D270+1 -> 256 | E271: A 126L | F271: шт. | G271: 196.92
A272: 1 | B272: ABZS012031AB001295 | C272: ABZS012031 | D272: =D271+1 -> 257 | E272: A 126R | F272: шт. | G272: 196.92
A273: 1 | B273: ABZS009921AB001298 | C273: ABZS009921 | D273: =D272+1 -> 258 | E273: A 132 | F273: шт. | G273: 330
A274: 1 | B274: ABZS009941AB001300 | C274: ABZS009941 | D274: =D273+1 -> 259 | E274: A 134 | F274: шт. | G274: 771.12
A275: 1 | B275: ABZS009951AB001301 | C275: ABZS009951 | D275: =D274+1 -> 260 | E275: A 135 | F275: шт. | G275: 754.56
A276: 1 | B276: ABZS009971AB001934 | C276: ABZS009971 | D276: =D275+1 -> 261 | E276: A 153 | F276: шт. | G276: 226.56
... A299: 1 | B299: ABZS010281AB001959 | C299: ABZS010281 | D299: =D298+1 -> 284 | E299: A 177 | F299: шт. | G299: 1080.24
A300: 1 | D300: Розетка
A301: 1 | B301: ABYA010641AB001331 | C301: ABYA010641 | D301: =D299+1 -> 285 | E301: KR 101 молдинг радіальний | F301: шт. | G301: 596.16
A302: 1 | B302: ABYA010661AB001972 | C302: ABYA010661 | D302: =D301+1 -> 286 | E302: KR 111 молдинг радіальний | F302: шт. | G302: 572.04
A303: 1 | B303: ABYA010671AB001973 | C303: ABYA010671 | D303: =D302+1 -> 287 | E303: KR 112 молдинг радіальний | F303: шт. | G303: 541.2
A304: 1 | B304: ABYA010681AB001974 | C304: ABYA010681 | D304: =D303+1 -> 288 | E304: KR 121 молдинг радіальний | F304: шт. | G304: 2310
...

Sheet DecoWood
H1: ='Gaudi Decor'!H1 -> ТОВ "Еліт Декор"
B3: Каталог товарів колекції "DecoWood"
D4: ='Gaudi Decor'!F4 -> 46272
B6: ЭД-АРТикул колекції | E6: Найменування | F6: Од. | G6: Роздрібна ціна з ПДВ, грн | H6: Примітка
A7: 1
A8: 1 | D8: Аксесуар
A9: 1 | B9: ACZA000001AC000002 | C9: ACZA000001 | D9: 1 | E9: Фарба для балок світла (100 мл) | F9: шт. | G9: 267 | H9: =в -> #NAME?
A10: 1 | B10: ACZA000001AC000003 | C10: ACZA000001 | D10: 2 | E10: Фарба для балок темна (100 мл) | F10: шт. | G10: 267
A11: 1 | B11: ACZA000011AC007770 | C11: ACZA000011 | D11: 3 | E11: Ремінь декоративний метал 1м | F11: шт. | G11: 325
A12: 1 | D12: Балка
A13: 1 | B13: ACZB000021AC000006 | C13: ACZB000021 | D13: =D11+1 -> 4 | E13: Модерн ED 104 (2м) classic біла 17х19 | F13: шт. | G13: 2290.2
A14: 1 | B14: ACZB000021AC000007 | C14: ACZB000021 | D14: =D13+1 -> 5 | E14: Модерн ED 104 (2м) classic світла 17х19 | F14: шт. | G14: 2290.2
A15: 1 | B15: ACZB000021AC013323 | C15: ACZB000021 | D15: =D14+1 -> 6 | E15: Модерн ED 104 (2м) classic сіра 17х19 | F15: шт. | G15: 2394.72
A16: 1 | B16: ACZB000021AC000008 | C16: ACZB000021 | D16: =D15+1 -> 7 | E16: Модерн ED 104 (2м) classic темна 17х19 | F16: шт. | G16: 2290.2
A17: 1 | B17: ACZB000021AC013255 | C17: ACZB000021 | D17: =D16+1 -> 8 | E17: Модерн ED 104 (2м) classic червона 17х19 | F17: шт. | G17: 2394.72
A18: 1 | B18: ACZB000031AC000009 | C18: ACZB000031 | D18: =D17+1 -> 9 | E18: Модерн ED 104 (3м) classic біла 17х19 | F18: шт. | G18: 3434.16
A19: 1 | B19: ACZB000031AC000010 | C19: ACZB000031 | D19: =D18+1 -> 10 | E19: Модерн ED 104 (3м) classic світла 17х19 | F19: шт. | G19: 3434.16
A20: 1 | B20: ACZB000031AC013324 | C20: ACZB000031 | D20: =D19+1 -> 11 | E20: Модерн ED 104 (3м) classic сіра 17х19 | F20: шт. | G20: 3590.4
A21: 1 | B21: ACZB000031AC000011 | C21: ACZB000031 | D21: =D20+1 -> 12 | E21: Модерн ED 104 (3м) classic темна 17х19 | F21: шт. | G21: 3434.16
A22: 1 | B22: ACZB000031AC013256 | C22: ACZB000031 | D22: =D21+1 -> 13 | E22: Модерн ED 104 (3м) classic червона 17х19 | F22: шт. | G22: 3590.4
A23: 1 | B23: ACZB000021AC000012 | C23: ACZB000021 | D23: =D22+1 -> 14 | E23: Модерн ED 104 (4м) classic біла 17х19 | F23: шт. | G23: 4575.96
A24: 1 | B24: ACZB000021AC000013 | C24: ACZB000021 | D24: =D23+1 -> 15 | E24: Модерн ED 104 (4м) classic світла 17х19 | F24: шт. | G24: 4575.96
A25: 1 | B25: ACZB000021AC013325 | C25: ACZB000021 | D25: =D24+1 -> 16 | E25: Модерн ED 104 (4м) classic сіра 17х19 | F25: шт. | G25: 4789.44
... A162: 1 | B162: ACZB000221AC013322 | C162: ACZB000221 | D162: =D161+1 -> 153 | E162: Рустик EQ 007 (4м) classic червона 6х9 | F162: шт. | G162: 2079
A163: 1 | D163: Консоль
A164: 1 | B164: ACZJ012721AC007957 | C164: ACZJ012721 | D164: =D162+1 -> 154 | E164: E 046 classic біла 14х13 | F164: шт. | G164: 412.56
A165: 1 | B165: ACZJ012721AC007958 | C165: ACZJ012721 | D165: =D164+1 -> 155 | E165: E 046 classic світла 14х13 | F165: шт. | G165: 412.56
A166: 1 | B166: ACZJ012721AC013356 | C166: ACZJ012721 | D166: =D165+1 -> 156 | E166: E 046 classic сіра 14х13 | F166: шт. | G166: 412.56
A167: 1 | B167: ACZJ012721AC007959 | C167: ACZJ012721 | D167: =D166+1 -> 157 | E167: E 046 classic темна 14х13 | F167: шт. | G167: 412.56
A168: 1 | B168: ACZJ012721AC013262 | C168: ACZJ012721 | D168: =D167+1 -> 158 | E168: E 046 classic червона 14х13 | F168: шт. | G168: 412.56
A169: 1 | B169: ACZJ000241AC000147 | C169: ACZJ000241 | D169: =D168+1 -> 159 | E169: Модерн ED 015 classic біла 19х17 | F169: шт. | G169: 495
A170: 1 | B170: ACZJ000241AC000148 | C170: ACZJ000241 | D170: =D169+1 -> 160 | E170: Модерн ED 015 classic світла 19х17 | F170: шт. | G170: 495
A171: 1 | B171: ACZJ000241AC013357 | C171: ACZJ000241 | D171: =D170+1 -> 161 | E171: Модерн ED 015 classic сіра 19х17 | F171: шт. | G171: 495
A172: 1 | B172: ACZJ000241AC000149 | C172: ACZJ000241 | D172: =D171+1 -> 162 | E172: Модерн ED 015 classic темна 19х17 | F172: шт. | G172: 495
A173: 1 | B173: ACZJ000241AC013264 | C173: ACZJ000241 | D173: =D172+1 -> 163 | E173: Модерн ED 015 classic червона 19х17 | F173: шт. | G173: 495
A174: 1 | B174: ACZJ000251AC000150 | C174: ACZJ000251 | D174: =D173+1 -> 164 | E174: Модерн ED 016 classic біла 12х12 | F174: шт. | G174: 300.36
A175: 1 | B175: ACZJ000251AC000151 | C175: ACZJ000251 | D175: =D174+1 -> 165 | E175: Модерн ED 016 classic світла 12х12 | F175: шт. | G175: 300.36
A176: 1 | B176: ACZJ000251AC013358 | C176: ACZJ000251 | D176: =D175+1 -> 166 | E176: Модерн ED 016 classic сіра 12х12 | F176: шт. | G176: 300.36
... A238: 1 | B238: ACZJ011731AC013306 | C238: ACZJ011731 | D238: =D237+1 -> 228 | E238: Рустик EQ 036 classic червона 12х12 | F238: шт. | G238: 376.2
A239: 1 | D239: Панель
A240: 1 | B240: ACZR000301AC000166 | C240: ACZR000301 | D240: =D238+1 -> 229 | E240: Модерн ET 405 (2м) classic біла 19х3,5 | F240: шт. | G240: 1508.16
A241: 1 | B241: ACZR000301AC000167 | C241: ACZR000301 | D241: =D240+1 -> 230 | E241: Модерн ET 405 (2м) classic світла 19х3,5 | F241: шт. | G241: 1508.16
A242: 1 | B242: ACZR000301AC013365 | C242: ACZR000301 | D242: =D241+1 -> 231 | E242: Модерн ET 405 (2м) classic сіра 19х3,5 | F242: шт. | G242: 1508.16
A243: 1 | B243: ACZR000301AC000168 | C243: ACZR000301 | D243: =D242+1 -> 232 | E243: Модерн ET 405 (2м) classic темна 19х3,5 | F243: шт. | G243: 1508.16
A244: 1 | B244: ACZR000301AC013286 | C244: ACZR000301 | D244: =D243+1 -> 233 | E244: Модерн ET 405 (2м) classic червона 19х3,5 | F244: шт. | G244: 1508.16
A245: 1 | B245: ACZR000311AC000169 | C245: ACZR000311 | D245: =D244+1 -> 234 | E245: Модерн ET 405 (3м) classic біла 19х3,5 | F245: шт. | G245: 2262.72
A246: 1 | B246: ACZR000311AC000170 | C246: ACZR000311 | D246: =D245+1 -> 235 | E246: Модерн ET 405 (3м) classic світла 19х3,5 | F246: шт. | G246: 2262.72
A247: 1 | B247: ACZR000311AC013366 | C247: ACZR000311 | D247: =D246+1 -> 236 | E247: Модерн ET 405 (3м) classic сіра 19х3,5 | F247: шт. | G247: 2262.72
A248: 1 | B248: ACZR000311AC000171 | C248: ACZR000311 | D248: =D247+1 -> 237 | E248: Модерн ET 405 (3м) classic темна 19х3,5 | F248: шт. | G248: 2262.72
A249: 1 | B249: ACZR000311AC013288 | C249: ACZR000311 | D249: =D248+1 -> 238 | E249: Модерн ET 405 (3м) classic червона 19х3,5 | F249: шт. | G249: 2262.72
A250: 1 | B250: ACZR000321AC000174 | C250: ACZR000321 | D250: =D249+1 -> 239 | E250: Модерн ET 406 (2м) classic біла 12х3,5 | F250: шт. | G250: 952.56
A251: 1 | B251: ACZR000321AC000175 | C251: ACZR000321 | D251: =D250+1 -> 240 | E251: Модерн ET 406 (2м) classic світла 12х3,5 | F251: шт. | G251: 952.56
A252: 1 | B252: ACZR000321AC013374 | C252: ACZR000321 | D252: =D251+1 -> 241 | E252: Модерн ET 406 (2м) classic сіра 12х3,5 | F252: шт. | G252: 952.56
... A309: 1 | B309: ACZR000371AC013311 | C309: ACZR000371 | D309: =D308+1 -> 298 | E309: Рустик ET 306 (3м) classic червона 12х3,5 | F309: шт. | G309: 1428.96
A310: 1 | D310: Стикувальний елемент
A311: 1 | B311: ACYM012671AC007942 | C311: ACYM012671 | D311: =D309+1 -> 299 | E311: E 054 classic білий | F311: шт. | G311: 834.96
A312: 1 | B312: ACYM012671AC007943 | C312: ACYM012671 | D312: =D311+1 -> 300 | E312: E 054 classic світлий | F312: шт. | G312: 834.96
A313: 1 | B313: ACYM012671AC013386 | C313: ACYM012671 | D313: =D311+1 -> 300 | E313: E 054 classic сірий | F313: шт. | G313: 834.96
A314: 1 | B314: ACYM012671AC007944 | C314: ACYM012671 | D314: =D313+1 -> 301 | E314: E 054 classic темний | F314: шт. | G314: 834.96
A315: 1 | B315: ACYM012671AC013292 | C315: ACYM012671 | D315: =D313+1 -> 301 | E315: E 054 classic червоний | F315: шт. | G315: 834.96
A316: 1 | B316: ACYM012681AC007945 | C316: ACYM012681 | D316: =D315+1 -> 302 | E316: E 055 classic білий | F316: шт. | G316: 740.28
A317: 1 | B317: ACYM012681AC007946 | C317: ACYM012681 | D317: =D315+1 -> 302 | E317: E 055 classic світлий | F317: шт. | G317: 740.28
A318: 1 | B318: ACYM012681AC013387 | C318: ACYM012681 | D318: =D317+1 -> 303 | E318: E 055 classic сірий | F318: шт. | G318: 740.28
A319: 1 | B319: ACYM012681AC007947 | C319: ACYM012681 | D319: =D317+1 -> 303 | E319: E 055 classic темний | F319: шт. | G319: 740.28
A320: 1 | B320: ACYM012681AC013312 | C320: ACYM012681 | D320: =D319+1 -> 304 | E320: E 055 classic червоний | F320: шт. | G320: 740.28
A321: 1 | B321: ACYM012691AC007948 | C321: ACYM012691 | D321: =D319+1 -> 304 | E321: E 056 classic білий | F321: шт. | G321: 529.08
A322: 1 | B322: ACYM012691AC007949 | C322: ACYM012691 | D322: =D321+1 -> 305 | E322: E 056 classic світлий | F322: шт. | G322: 529.08
A323: 1 | B323: ACYM012691AC013388 | C323: ACYM012691 | D323: =D321+1 -> 305 | E323: E 056 classic сірий | F323: шт. | G323: 529.08
A324: 1 | B324: ACYM012691AC007950 | C324: ACYM012691 | D324: =D323+1 -> 306 | E324: E 056 classic темний | F324: шт. | G324: 529.08
A325: 1 | B325: ACYM012691AC013313 | C325: ACYM012691 | D325: =D323+1 -> 306 | E325: E 056 classic червоний | F325: шт. | G325: 529.08
A326: 1 | B326: ACYM012701AC007951 | C326: ACYM012701 | D326: =D325+1 -> 307 | E326: E 066 classic білий | F326: шт. | G326: 503.76
A327: 1 | B327: ACYM012701AC007952 | C327: ACYM012701 | D327: =D325+1 -> 307 | E327: E 066 classic світлий | F327: шт. | G327: 503.76
A328: 1 | B328: ACYM012701AC013389 | C328: ACYM012701 | D328: =D327+1 -> 308 | E328: E 066 classic сірий | F328: шт. | G328: 503.76
A329: 1 | B329: ACYM012701AC007953 | C329: ACYM012701 | D329: =D327+1 -> 308 | E329: E 066 classic темний | F329: шт. | G329: 503.76
A330: 1 | B330: ACYM012701AC013314 | C330: ACYM012701 | D330: =D329+1 -> 309 | E330: E 066 classic червоний | F330: шт. | G330: 503.76
A331: 1 | B331: ACYM012711AC007954 | C331: ACYM012711 | D331: =D329+1 -> 309 | E331: E 067 classic білий | F331: шт. | G331: 376.2
A332: 1 | B332: ACYM012711AC007955 | C332: ACYM012711 | D332: =D331+1 -> 310 | E332: E 067 classic світлий | F332: шт. | G332: 376.2
A333: 1 | B333: ACYM012711AC013390 | C333: ACYM012711 | D333: =D331+1 -> 310 | E333: E 067 classic сірий | F333: шт. | G333: 376.2
A334: 1 | B334: ACYM012711AC007956 | C334: ACYM012711 | D334: =D333+1 -> 311 | E334: E 067 classic темний | F334: шт. | G334: 376.2
A335: 1 | B335: ACYM012711AC013315 | C335: ACYM012711 | D335: =D333+1 -> 311 | E335: E 067 classic червоний | F335: шт. | G335: 376.2

Sheet Prestige Decor
F1: ='Gaudi Decor'!H1 -> ТОВ "Еліт Декор"
A3: Каталог товарів колекції "Prestige Decor"
B4: ='Gaudi Decor'!F4 -> 46272
A7: ЭД-АРТикул колекції | C7: Найменування | D7: Од. | E7: Роздрібна ціна з ПДВ, грн | F7: Примітка
B9: Prestige Decor
B10: Аксесуар
A11: ADZA000001AD001347 | B11: 1 | C11: Реставраційна суміш "ДарМикс" 1,5кг. | D11: шт. | E11: 429
A12: ADZA000001AD001348 | B12: =B11+1 -> 2 | C12: Реставраційна суміш "ДарМикс" 5 кг. | D12: шт. | E12: 1374.96
B13: Босаж
A14: ADZD000001AD001349 | B14: =B12+1 -> 3 | C14: BC 101 | D14: шт. | E14: 489.48
A15: ADZD000001AD001350 | B15: =B14+1 -> 4 | C15: BC 102 | D15: шт. | E15: 612.72
B16: Замок
A17: ADZE000001AD001353 | B17: =B15+1 -> 5 | C17: ZC 101 | D17: шт. | E17: 767.76
A18: ADZE000001AD001354 | B18: =B17+1 -> 6 | C18: ZC 102 | D18: шт. | E18: 873.36
A19: ADZE000001AD001355 | B19: =B18+1 -> 7 | C19: ZC 103 | D19: шт. | E19: 904.2
A20: ADZE000001AD001356 | B20: =B19+1 -> 8 | C20: ZC 104 | D20: шт. | E20: 1442.16
A21: ADZE000001AD001357 | B21: =B20+1 -> 9 | C21: ZC 105 | D21: шт. | E21: 1301.28
B22: Карниз
A23: ADZG000001AD001358 | B23: =B21+1 -> 10 | C23: KC 101 (2.00м) | D23: шт. | E23: 1098.96
A24: ADZG000001AD001359 | B24: =B23+1 -> 11 | C24: KC 102 (2.00м) | D24: шт. | E24: 1269.36
A25: ADZG000001AD001360 | B25: =B24+1 -> 12 | C25: KC 103 (2.00м) | D25: шт. | E25: 1376.16
A26: ADZG000001AD001361 | B26: =B25+1 -> 13 | C26: KC 104 (2.00м) | D26: шт. | E26: 1190.16
A27: ADZG000001AD001362 | B27: =B26+1 -> 14 | C27: KC 105 (2.00м) | D27: шт. | E27: 1488.36
A28: ADZG000001AD001363 | B28: =B27+1 -> 15 | C28: KC 106 (2.00м) | D28: шт. | E28: 1425.6
A29: ADZG000001AD001364 | B29: =B28+1 -> 16 | C29: KC 107 (2.00м) | D29: шт. | E29: 1367.28
A30: ADZG000001AD001365 | B30: =B29+1 -> 17 | C30: KC 108 (2.00м) | D30: шт. | E30: 1770.96
A31: ADZG000001AD001366 | B31: =B30+1 -> 18 | C31: KC 109 (2.00м) | D31: шт. | E31: 827.16
A32: ADZG000001AD001367 | B32: =B31+1 -> 19 | C32: KC 110 (2.00м) | D32: шт. | E32: 952.56
A33: ADZG000001AD001368 | B33: =B32+1 -> 20 | C33: KC 111 (2.00м) | D33: шт. | E33: 991.08
A34: ADZG000001AD001369 | B34: =B33+1 -> 21 | C34: KC 112 (2.00м) | D34: шт. | E34: 1068.12
A35: ADZG000001AD001370 | B35: =B34+1 -> 22 | C35: KC 113 (2.00м) | D35: шт. | E35: 1089
... A56: ADZG000001AD001391 | B56: =B55+1 -> 43 | C56: KC 134 (2.00м) | D56: шт. | E56: 3613.56
B57: Карниз універсальний
A58: ADZH000001AD001392 | B58: =B56+1 -> 44 | C58: KC 135 (2.00м) | D58: шт. | E58: 1047.24
A59: ADZH000001AD001393 | B59: =B58+1 -> 45 | C59: KC 136 (2.00м) | D59: шт. | E59: 1239.72
A60: ADZH000001AD001394 | B60: =B59+1 -> 46 | C60: KC 137 (2.00м) | D60: шт. | E60: 1329.96
A61: ADZH000001AD001395 | B61: =B60+1 -> 47 | C61: KC 138 (2.00м) | D61: шт. | E61: 1223.16
A62: ADZH000001AD001396 | B62: =B61+1 -> 48 | C62: KC 139 (2.00м) | D62: шт. | E62: 1275.96
A63: ADZH000001AD001397 | B63: =B62+1 -> 49 | C63: KC 140 (2.00м) | D63: шт. | E63: 1389.36
A64: ADZH000001AD001398 | B64: =B63+1 -> 50 | C64: KC 141 (2.00м) | D64: шт. | E64: 1459.68
B65: Карниз під LED-освітлення
A66: ADZG000001AD007917 | B66: =B64+1 -> 51 | C66: KC 301LED (2.00м) | D66: шт. | E66: 1324.44
A67: ADZG000001AD007918 | B67: =B66+1 -> 52 | C67: KC 302LED (2.00м) | D67: шт. | E67: 1641.24
A68: ADZG000001AD007920 | B68: =B67+1 -> 53 | C68: KC 303LED (2.00м) | D68: шт. | E68: 1273.8
A69: ADZG000001AD007921 | B69: =B68+1 -> 54 | C69: KC 304LED (2.00м) | D69: шт. | E69: 1505.88
A70: ADZG000001AD007922 | B70: =B69+1 -> 55 | C70: KC 305LED (2.00м) | D70: шт. | E70: 1926.12
A71: ADZG000001AD007923 | B71: =B70+1 -> 56 | C71: KC 306LED (2.00м) | D71: шт. | E71: 1610.4
A72: ADZG000001AD007924 | B72: =B71+1 -> 57 | C72: KC 307LED (2.00м) | D72: шт. | E72: 2091.12
A73: ADZG000001AD008378 | B73: =B72+1 -> 58 | C73: KC 308LED (2.00м) | D73: шт. | E73: 1860.12
B74: Колона
A75: ADZI000001AD001399 | B75: =B73+1 -> 59 | C75: LC 101-1 капітель | D75: шт. | E75: 1044.96
A76: ADZI000001AD001400 | B76: =B75+1 -> 60 | C76: LC 101-2 тіло гладеньке Full (2.00м) | D76: шт. | E76: 4088.76
A77: ADZI000001AD001401 | B77: =B76+1 -> 61 | C77: LC 101-2 тіло гладеньке Half (2.00м) | D77: шт. | E77: 1994.28
A78: ADZI000001AD001402 | B78: =B77+1 -> 62 | C78: LC 101-21 тіло з каннелюрами Full (2.00м) | D78: шт. | E78: 4603.56
A79: ADZI000001AD001403 | B79: =B78+1 -> 63 | C79: LC 101-21 тіло з каннелюрами Half (2.00м) | D79: шт. | E79: 2059.2
A80: ADZI000001AD001404 | B80: =B79+1 -> 64 | C80: LC 101-3 база | D80: шт. | E80: 1043.88
A81: ADZI000001AD001405 | B81: =B80+1 -> 65 | C81: LC 102-1 капітель | D81: шт. | E81: 1153.92
A82: ADZI000001AD001406 | B82: =B81+1 -> 66 | C82: LC 102-2 тіло гладеньке Full (2.00м) | D82: шт. | E82: 4562.76
A83: ADZI000001AD001407 | B83: =B82+1 -> 67 | C83: LC 102-2 тіло гладеньке Half (2.00м) | D83: шт. | E83: 2225.28
A84: ADZI000001AD001408 | B84: =B83+1 -> 68 | C84: LC 102-21 тіло з каннелюрами Full (2.00м) | D84: шт. | E84: 5145.84
A85: ADZI000001AD001409 | B85: =B84+1 -> 69 | C85: LC 102-21 тіло з каннелюрами Half (2.00м) | D85: шт. | E85: 2330.88
A86: ADZI000001AD001410 | B86: =B85+1 -> 70 | C86: LC 102-3 база | D86: шт. | E86: 1184.76
A87: ADZI000001AD001411 | B87: =B86+1 -> 71 | C87: LC 103-1 капітель | D87: шт. | E87: 1351.92
... A113: ADZI000001AD001437 | B113: =B112+1 -> 97 | C113: LC 118-1 капітель | D113: шт. | E113: 2014.08
B114: Молдинг
A115: ADZL000001AD001438 | B115: =B113+1 -> 98 | C115: MC 101 (2.00м) | D115: шт. | E115: 355.32
A116: ADZL000001AD001439 | B116: =B115+1 -> 99 | C116: MC 102 (2.00м) | D116: шт. | E116: 577.56
A117: ADZL000001AD001440 | B117: =B116+1 -> 100 | C117: MC 103 (2.00м) | D117: шт. | E117: 410.28
A118: ADZL000001AD001441 | B118: =B117+1 -> 101 | C118: MC 104 (2.00м) | D118: шт. | E118: 554.4
A119: ADZL000001AD001442 | B119: =B118+1 -> 102 | C119: MC 105 (2.00м) | D119: шт. | E119: 631.44
A120: ADZL000001AD001443 | B120: =B119+1 -> 103 | C120: MC 106 (2.00м) | D120: шт. | E120: 477.36
A121: ADZL000001AD001444 | B121: =B120+1 -> 104 | C121: MC 107 (2.00м) | D121: шт. | E121: 488.4
A122: ADZL000001AD001445 | B122: =B121+1 -> 105 | C122: MC 108 (2.00м) | D122: шт. | E122: 572.04
A123: ADZL000001AD001446 | B123: =B122+1 -> 106 | C123: MC 109 (2.00м) | D123: шт. | E123: 575.28
A124: ADZL000001AD001447 | B124: =B123+1 -> 107 | C124: MC 110 (2.00м) | D124: шт. | E124: 581.88
A125: ADZL000001AD001448 | B125: =B124+1 -> 108 | C125: MC 111 (2.00м) | D125: шт. | E125: 493.92
A126: ADZL000001AD001449 | B126: =B125+1 -> 109 | C126: MC 112 (2.00м) | D126: шт. | E126: 499.44
A127: ADZL000001AD001450 | B127: =B126+1 -> 110 | C127: MC 113 (2.00м) | D127: шт. | E127: 587.4
... A184: ADZL000001AD001507 | B184: =B183+1 -> 167 | C184: MC 170 (2.00м) | D184: шт. | E184: 1454.16
B185: Модинг под LED-освітлення
A186: ADZL000001AD007926 | B186: =B184+1 -> 168 | C186: MC 301LED (2.00м) | D186: шт. | E186: 419.16
A187: ADZL000001AD007927 | B187: =B186+1 -> 169 | C187: MC 302LED (2.00м) | D187: шт. | E187: 490.56
A188: ADZL000001AD007929 | B188: =B187+1 -> 170 | C188: MC 303LED (2.00м) | D188: шт. | E188: 574.2
A189: ADZL000001AD007930 | B189: =B188+1 -> 171 | C189: MC 304LED (2.00м) | D189: шт. | E189: 634.68
A190: ADZL000001AD007931 | B190: =B189+1 -> 172 | C190: MC 305LED (2.00м) | D190: шт. | E190: 718.32
A191: ADZL000001AD007932 | B191: =B190+1 -> 173 | C191: MC 306LED (2.00м) | D191: шт. | E191: 807.36
A192: ADZL000001AD007933 | B192: =B191+1 -> 174 | C192: MC 307LED (2.00м) | D192: шт. | E192: 889.92
A193: ADZL000001AD007934 | B193: =B192+1 -> 175 | C193: MC 308LED (2.00м) | D193: шт. | E193: 945.96
A194: ADZL000001AD007935 | B194: =B193+1 -> 176 | C194: MC 309LED (2.00м) | D194: шт. | E194: 1050.48
B195: Накладка
A196: ADZM000001AD001508 | B196: =B194+1 -> 177 | C196: HC 101-30 панель (2.00м) | D196: шт. | E196: 1526.76
A197: ADZM000001AD001509 | B197: =B196+1 -> 178 | C197: HC 101-50 панель (2.00м) | D197: шт. | E197: 1690.68
A198: ADZM000001AD001510 | B198: =B197+1 -> 179 | C198: HC 102-30 панель (2.00м) | D198: шт. | E198: 1440.96
A199: ADZM000001AD001511 | B199: =B198+1 -> 180 | C199: HC 102-50 панель (2.00м) | D199: шт. | E199: 1718.16
A200: ADZM000001AD001512 | B200: =B199+1 -> 181 | C200: HC 103-30 панель (2.00м) | D200: шт. | E200: 1552.08
A201: ADZM000001AD001513 | B201: =B200+1 -> 182 | C201: HC 103-50 панель (2.00м) | D201: шт. | E201: 1849.08
A202: ADZM000001AD001514 | B202: =B201+1 -> 183 | C202: HC 104-30 панель (2.00м) | D202: шт. | E202: 1524.6
A203: ADZM000001AD001515 | B203: =B202+1 -> 184 | C203: HC 104-50 панель (2.00м) | D203: шт. | E203: 1780.92
A204: ADZM000001AD001516 | B204: =B203+1 -> 185 | C204: HC 201 кут внутрішній (2.00м) | D204: шт. | E204: 799.68
A205: ADZM000001AD001517 | B205: =B204+1 -> 186 | C205: HC 202 кут зовнішній (2.00м) | D205: шт. | E205: 807.36
...

Sheet Tesori
H1: ='Gaudi Decor'!H1 -> ТОВ "Еліт Декор"
B3: Каталог товарів колекції "TESORI"
D4: ='Gaudi Decor'!F4 -> 46272
B6: ЭД-АРТикул колекції | E6: Найменування | F6: Од. | G6: Роздрібна ціна з ПДВ, грн | H6: Примітка
A7: 1
A8: 1 | D8: Tesori
A9: 1 | D9: Аксесуар
A10: 1 | B10: AMZA000001AM005672 | E10: Реставраційна суміш "Tesori" 1,5кг. | F10: шт. | G10: 446.64
A11: 1 | D11: Карниз Серія D (Екструдований полістірол)
A12: 1 | B12: AMZG000001AM002955 | D12: 1 | E12: KD 112 (1.15м) | F12: шт. | G12: 716.16
A13: 1 | B13: AMZG000001AM002956 | D13: =D12+1 -> 2 | E13: KD 119 (1.15м) | F13: шт. | G13: 714.96
A14: 1 | B14: AMZG000001AM002957 | D14: =D13+1 -> 3 | E14: KD 201 (1.15м) | F14: шт. | G14: 507.12
A15: 1 | B15: AMZG000001AM002958 | D15: =D14+1 -> 4 | E15: KD 202 (1.15м) | F15: шт. | G15: 526.92
A16: 1 | B16: AMZG000001AM002959 | D16: =D15+1 -> 5 | E16: KD 203 (1.15м) | F16: шт. | G16: 535.68
A17: 1 | B17: AMZG000001AM002960 | D17: =D16+1 -> 6 | E17: KD 301 (1.15м) | F17: шт. | G17: 442.2
A18: 1 | B18: AMZG000001AM002961 | D18: =D17+1 -> 7 | E18: KD 302 (1.15м) | F18: шт. | G18: 467.52
A19: 1 | B19: AMZG000001AM002962 | D19: =D18+1 -> 8 | E19: KD 303 (1.15м) | F19: шт. | G19: 387.24
A20: 1 | B20: AMZG000001AM002963 | D20: =D19+1 -> 9 | E20: KD 304 (1.15м) | F20: шт. | G20: 416.88
A21: 1 | B21: AMZG000001AM002964 | D21: =D20+1 -> 10 | E21: KD 305 (1.15м) | F21: шт. | G21: 446.64
A22: 1 | B22: AMZG000001AM002965 | D22: =D21+1 -> 11 | E22: KD 306 (1.15м) | F22: шт. | G22: 521.4
A23: 1 | B23: AMZG000001AM002966 | D23: =D22+1 -> 12 | E23: KD 401 (1.15м) | F23: шт. | G23: 427.92
A24: 1 | B24: AMZG000001AM002967 | D24: =D23+1 -> 13 | E24: KD 402 (1.15м) | F24: шт. | G24: 514.8
... A29: 1 | B29: AMZG000001AM013133 | D29: =D28+1 -> 18 | E29: KD 407 (1.15м) | F29: шт. | G29: 512.64
B30: AMZG000001AM014187 | D30: =D29+1 -> 19 | E30: KD 408 (1.15м) | F30: шт. | G30: 790.92
B31: AMZG000001AM015226 | D31: =D30+1 -> 20 | E31: KD 409 (1.15м) | F31: шт. | G31: 1337.64
B32: AMZG000001AM015241 | D32: =D31+1 -> 21 | E32: KD 410 (1.15м) | F32: шт. | G32: 1087.92
B33: AMZG000001AM015319 | D33: =D32+1 -> 22 | E33: KD 411 (1.15м) | F33: шт. | G33: 1729.2
B34: AMZG000001AM015406 | D34: =D33+1 -> 23 | E34: KD 412 (1.15м) | F34: шт. | G34: 639.12
B35: AMZG000001AM015407 | D35: =D34+1 -> 24 | E35: KD 413 (1.15м) | F35: шт. | G35: 895.44
A36: 1 | B36: AMZG000001AM011841 | D36: =D35+1 -> 25 | E36: KD 502 (1.15м) | F36: шт. | G36: 467.52
A37: 1 | B37: AMZG000001AM011846 | D37: =D36+1 -> 26 | E37: KD 503 (1.15м) | F37: шт. | G37: 525.84
A38: 1 | B38: AMZG000001AM011849 | D38: =D37+1 -> 27 | E38: KD 505 (1.15м) | F38: шт. | G38: 441.12
A39: 1 | B39: AMZG000001AM011854 | D39: =D38+1 -> 28 | E39: KD 506 (1.15м) | F39: шт. | G39: 437.76
A40: 1 | D40: Карниз Серія F (поліуретан)
A41: 1 | B41: AMZG014061AM012063 | C41: =LEFT(B41,10) -> AMZG014061 | D41: =D39+1 -> 29 | E41: KF 501 ( 2.00м) | F41: шт. | G41: 569.76
A42: 1 | B42: AMZG014061AM012064 | C42: =LEFT(B42,10) -> AMZG014061 | D42: =D41+1 -> 30 | E42: KF 501 (2.00м) Flexi | F42: шт. | G42: 1138.56
A43: 1 | B43: AMZG010181AM006488 | C43: =LEFT(B43,10) -> AMZG010181 | D43: =D42+1 -> 31 | E43: KF 502 (2.00м) | F43: шт. | G43: 668.76
A44: 1 | B44: AMZG010181AM007370 | C44: =LEFT(B44,10) -> AMZG010181 | D44: =D43+1 -> 32 | E44: KF 502 (2.00м) Flexi | F44: шт. | G44: 1335.36
A45: 1 | B45: AMZG010811AM006489 | C45: =LEFT(B45,10) -> AMZG010811 | D45: =D44+1 -> 33 | E45: KF 503 (2.00м) | F45: шт. | G45: 985.56
A46: 1 | B46: AMZG010811AM007384 | C46: =LEFT(B46,10) -> AMZG010811 | D46: =D45+1 -> 34 | E46: KF 503 (2.00м) Flexi | F46: шт. | G46: 1972.32
A47: 1 | B47: AMZG014071AM012067 | C47: =LEFT(B47,10) -> AMZG014071 | D47: =D46+1 -> 35 | E47: KF 504 (2.00м) | F47: шт. | G47: 731.52
A48: 1 | B48: AMZG014071AM012068 | C48: =LEFT(B48,10) -> AMZG014071 | D48: =D47+1 -> 36 | E48: KF 504 (2.00м) Flexi | F48: шт. | G48: 1464.12
A49: 1 | B49: AMZG011291AM006200 | C49: =LEFT(B49,10) -> AMZG011291 | D49: =D48+1 -> 37 | E49: KF 505 (2.00м) | F49: шт. | G49: 1005.36
A50: 1 | B50: AMZG011291AM007390 | C50: =LEFT(B50,10) -> AMZG011291 | D50: =D49+1 -> 38 | E50: KF 505 (2.00м) Flexi | F50: шт. | G50: 2008.56
A51: 1 | B51: AMZG011301AM006201 | C51: =LEFT(B51,10) -> AMZG011301 | D51: =D50+1 -> 39 | E51: KF 701 (2.00м) | F51: шт. | G51: 578.64
A52: 1 | B52: AMZG011301AM007401 | C52: =LEFT(B52,10) -> AMZG011301 | D52: =D51+1 -> 40 | E52: KF 701 (2.00м) Flexi | F52: шт. | G52: 1159.44
A53: 1 | B53: AMZG011311AM006203 | C53: =LEFT(B53,10) -> AMZG011311 | D53: =D52+1 -> 41 | E53: KF 702 (2.00м) | F53: шт. | G53: 687.48
... A59: 1 | B59: AMZG011371AM006211 | C59: =LEFT(B59,10) -> AMZG011371 | D59: =D58+1 -> 47 | E59: KF 705 (2.00м) | F59: шт. | G59: 914.16
B60: AMZG011371AM012762 | C60: =LEFT(B60,10) -> AMZG011371 | D60: =D59+1 -> 48 | E60: KF 705 (2.00м) Flexi | F60: шт. | G60: 1829.28
A61: 1 | B61: AMZG011381AM006212 | C61: =LEFT(B61,10) -> AMZG011381 | D61: =D60+1 -> 49 | E61: KF 706 (2.00м) | F61: шт. | G61: 1274.88
A62: 1 | B62: AMZG011381AM007428 | C62: =LEFT(B62,10) -> AMZG011381 | D62: =D61+1 -> 50 | E62: KF 706 (2.00м) Flexi | F62: шт. | G62: 2553.12
A63: 1 | B63: AMZG011391AM006214 | C63: =LEFT(B63,10) -> AMZG011391 | D63: =D62+1 -> 51 | E63: KF 707 (2.00м) | F63: шт. | G63: 1389.36
A64: 1 | B64: AMZG011461AM006215 | C64: =LEFT(B64,10) -> AMZG011461 | D64: =D63+1 -> 52 | E64: KF 708 (2.00м) | F64: шт. | G64: 1455.36
A65: 1 | B65: AMZG011461AM007438 | C65: =LEFT(B65,10) -> AMZG011461 | D65: =D64+1 -> 53 | E65: KF 708 (2.00м) Flexi | F65: шт. | G65: 2910.6
A66: 1 | B66: AMZG012431AM006490 | C66: =LEFT(B66,10) -> AMZG012431 | D66: =D65+1 -> 54 | E66: KF 709 (2.00м) | F66: шт. | G66: 1339.8
A67: 1 | B67: AMZG013601AM008417 | C67: =LEFT(B67,10) -> AMZG013601 | D67: =D66+1 -> 55 | E67: KF 712 (2.00м) | F67: шт. | G67: 799.68
A68: 1 | B68: AMZG013621AM008419 | C68: =LEFT(B68,10) -> AMZG013621 | D68: =D67+1 -> 56 | E68: KF 714 (2.00м) | F68: шт. | G68: 1071.36
B69: AMZG013621AM012767 | C69: =LEFT(B69,10) -> AMZG013621 | D69: =D68+1 -> 57 | E69: KF 714 (2.00м) Flexi | F69: шт. | G69: 2143.92
A70: 1 | B70: BFZG013471AM011502 | C70: =LEFT(B70,10) -> BFZG013471 | D70: =D69+1 -> 58 | E70: KF 715 (2.00м) | F70: шт. | G70: 863.52
A71: 1 | B71: BFZG013491AM011503 | C71: =LEFT(B71,10) -> BFZG013491 | D71: =D70+1 -> 59 | E71: KF 716 (2.00м) | F71: шт. | G71: 860.16
A72: 1 | B72: BFZG013481AM011508 | C72: =LEFT(B72,10) -> BFZG013481 | D72: =D71+1 -> 60 | E72: KF 717 (2.00м) | F72: шт. | G72: 768.96
B73: BFZG013481AM012939 | C73: =LEFT(B73,10) -> BFZG013481 | D73: =D72+1 -> 61 | E73: KF 717 (2.00м) Flexi | F73: шт. | G73: 1537.8
A74: 1 | B74: BFZG013501AM011509 | C74: =LEFT(B74,10) -> BFZG013501 | D74: =D73+1 -> 62 | E74: KF 718 (2.00м) | F74: шт. | G74: 808.56
A75: 1 | B75: BFZG013521AM011513 | C75: =LEFT(B75,10) -> BFZG013521 | D75: =D74+1 -> 63 | E75: KF 719 (2.00м) | F75: шт. | G75: 811.8
A76: 1 | B76: BFZG013981AM011514 | C76: =LEFT(B76,10) -> BFZG013981 | D76: =D75+1 -> 64 | E76: KF 720 (2.00м) | F76: шт. | G76: 864.6
A77: 1 | B77: BFZG013991AM011519 | C77: =LEFT(B77,10) -> BFZG013991 | D77: =D76+1 -> 65 | E77: KF 721 (2.00м) | F77: шт. | G77: 738.12
A78: 1 | B78: BFZG013511AM011520 | C78: =LEFT(B78,10) -> BFZG013511 | D78: =D77+1 -> 66 | E78: KF 722 (2.00м) | F78: шт. | G78: 2346.36
A79: 1 | B79: AMZG013411AM008083 | C79: =LEFT(B79,10) -> AMZG013411 | D79: =D78+1 -> 67 | E79: KF 801 (2.00м) | F79: шт. | G79: 1415.76 | H79: Шторний карниз
A80: 1 | B80: AMZG013421AM008084 | C80: =LEFT(B80,10) -> AMZG013421 | D80: =D79+1 -> 68 | E80: KF 802 (2.00м) | F80: шт. | G80: 1729.2 | H80: Шторний карниз
A81: 1 | B81: AMZG*****2AM008085 | C81: =LEFT(B81,10) -> AMZG*****2 | D81: =D80+1 -> 69 | E81: KF 803 (2.00м) | F81: шт. | G81: 1808.4 | H81: Шторний карниз
A82: 1 | B82: AMZG*****2AM008086 | C82: =LEFT(B82,10) -> AMZG*****2 | D82: =D81+1 -> 70 | E82: KF 804 (2.00м) | F82: шт. | G82: 1862.28 | H82: Шторний карниз

Sheet Art Decor
F1: ='Gaudi Decor'!H1 -> ТОВ "Еліт Декор"
B3: Каталог товарів колекції "Art Decor"
B4: ='Gaudi Decor'!F4 -> 46272
A6: ЭД-АРТикул коллекції | C6: Найменування | D6: Од. | E6: Роздрібна ціна з ПДВ, грн | F6: Примітка
B8: Орнамент
A9: AGZQ011641AG005958 | B9: 1 | C9: A 692 | D9: шт. | E9: 327.84
A10: AGZQ011901AG006513 | B10: 2 | C10: Комплект A 693 (2шт) | D10: комплект | E10: 313.56
A11: AGZQ*****2AG006518 | B11: 3 | C11: Комплект A 694 L/R (2шт) | D11: комплект | E11: 387.24
A12: AGZQ011921AG006514 | B12: 4 | C12: Комплект A 695 (2шт) | D12: комплект | E12: 273.96
A13: AGZQ*****2AG006668 | B13: 5 | C13: Комплект A 695 (4шт) A 698 (1шт) | D13: комплект | E13: 674.28
A14: AGZQ*****2AG006519 | B14: 6 | C14: Комплект A 696 L/R (4шт) | D14: комплект | E14: 549.96
A15: AGZQ011941AG006515 | B15: 7 | C15: Комплект A 697 (2шт) | D15: комплект | E15: 279.36
A16: AGZQ*****2AG006669 | B16: 8 | C16: Комплект A 697 (4шт) A699 (1шт) | D16: комплект | E16: 687.48
A17: AGZQ011951AG006516 | B17: 9 | C17: Комплект A 698 (2шт) | D17: комплект | E17: 256.32
A18: AGZQ011961AG006517 | B18: 10 | C18: Комплект A 699 (2шт) | D18: комплект | E18: 259.56
A19: AGZQ*****2AG006520 | B19: 11 | C19: Комплект A 700 L/R (2шт) | D19: комплект | E19: 431.16
A20: AGZQ*****2AG006521 | B20: 12 | C20: Комплект A 701 L/R (2шт) | D20: комплект | E20: 392.76
B21: Панель декоративна
A22: AGYP014621AG013615 | B22: =B20+1 -> 13 | C22: W 365 Квадрати (487х487х20 мм) | D22: шт. | E22: 897.6
A23: AGYP014651AG013637 | B23: =B22+1 -> 14 | C23: W 367 Квадрат (97х97х20 мм) (вставка да панелі W 365) | D23: шт. | E23: 83.64
A24: AGYP015511AG015160 | B24: =B23+1 -> 15 | C24: W 370 (2000х250х16 мм) | D24: шт. | E24: 1897.56
A25: AGYP015511AG015161 | B25: =B24+1 -> 16 | C25: W 370 Flex (2000х250х10 мм) | D25: шт. | E25: 3795
A26: AGYP015461AG015147 | B26: =B25+1 -> 17 | C26: W 370 (2800х250х16 мм) | D26: шт. | E26: 2656.56
A27: AGYP015461AG015159 | B27: =B26+1 -> 18 | C27: W 370 Flex (2800х250х10 мм) | D27: шт. | E27: 5313
A28: AGYP015531AG015164 | B28: =B27+1 -> 19 | C28: W 371 (2000х250х19 мм) | D28: шт. | E28: 2216.04
A29: AGYP015521AG015162 | B29: =B28+1 -> 20 | C29: W 371 (2800х250х19 мм) | D29: шт. | E29: 3098.04
A30: AGYP015621AG015229 | B30: =B29+1 -> 21 | C30: W 372 (2800х250х16 мм) | D30: шт. | E30: 2483.76
A31: AGYP015621AG015230 | B31: =B30+1 -> 22 | C31: W 372 Flex (2800х250х16 мм) | D31: шт. | E31: 4966.56
A32: AGYP015761AG015393 | B32: =B31+1 -> 23 | C32: W 374 (2800х215х19 мм) | D32: шт. | E32: 2420.04
A33: AGYP015901AG015538 | B33: =B32+1 -> 24 | C33: W 376 (2800х250х12,5 мм) | D33: шт. | E33: 2656.56
A34: AGYP015901AG015541 | B34: =B33+1 -> 25 | C34: W 376 Flex (2800х250х12,5 мм) | D34: шт. | E34: 5313
... A46: ALXE016321AL015787 | B46: =B45+1 -> 37 | C46: HW 375 (2.80м) (полімер HDPS) | D46: шт. | E46: 1984.56
B47: Символи
A48: AGYQ005881AG003457 | B48: =B46+1 -> 38 | C48: 0 | D48: шт. | E48: 226.56
A49: AGYQ005891AG003459 | B49: =B48+1 -> 39 | C49: 1 | D49: шт. | E49: 226.56
A50: AGYQ013681AG003460 | B50: =B49+1 -> 40 | C50: 2 | D50: шт. | E50: 226.56
A51: AGYQ013691AG003461 | B51: =B50+1 -> 41 | C51: 3 | D51: шт. | E51: 226.56
A52: AGYQ013701AG003469 | B52: =B51+1 -> 42 | C52: 4 | D52: шт. | E52: 226.56
A53: AGYQ013711AG003470 | B53: =B52+1 -> 43 | C53: 5 | D53: шт. | E53: 226.56
A54: AGYQ013721AG003472 | B54: =B53+1 -> 44 | C54: 6 | D54: шт. | E54: 226.56
A55: AGYQ013731AG003473 | B55: =B54+1 -> 45 | C55: 7 | D55: шт. | E55: 226.56
A56: AGYQ013741AG003474 | B56: =B55+1 -> 46 | C56: 8 | D56: шт. | E56: 226.56
A57: AGYQ013751AG003475 | B57: =B56+1 -> 47 | C57: 9 | D57: шт. | E57: 226.56
A58: AGYQ013021AG008018 | B58: =B57+1 -> 48 | C58: A | D58: шт. | E58: 226.56
A59: AGYQ013041AG008020 | B59: =B58+1 -> 49 | C59: B | D59: шт. | E59: 226.56
A60: AGYQ013051AG008021 | B60: =B59+1 -> 50 | C60: C | D60: шт. | E60: 226.56
A61: AGYQ013061AG008022 | B61: =B60+1 -> 51 | C61: D | D61: шт. | E61: 226.56
A62: AGYQ013071AG008023 | B62: =B61+1 -> 52 | C62: E | D62: шт. | E62: 226.56
A63: AGYQ013081AG008024 | B63: =B62+1 -> 53 | C63: F | D63: шт. | E63: 226.56
A64: AGYQ013091AG008025 | B64: =B63+1 -> 54 | C64: G | D64: шт. | E64: 226.56
A65: AGYQ013101AG008026 | B65: =B64+1 -> 55 | C65: H | D65: шт. | E65: 226.56
A66: AGYQ013111AG008027 | B66: =B65+1 -> 56 | C66: I | D66: шт. | E66: 226.56
A67: AGYQ013121AG008028 | B67: =B66+1 -> 57 | C67: J | D67: шт. | E67: 226.56
A68: AGYQ013131AG008029 | B68: =B67+1 -> 58 | C68: K | D68: шт. | E68: 226.56
A69: AGYQ013141AG008030 | B69: =B68+1 -> 59 | C69: L | D69: шт. | E69: 226.56
... A89: AGYQ013321AG008048 | B89: =B88+1 -> 79 | C89: Символ Серце | D89: шт. | E89: 226.56

Sheet Arxat
F1: ='Gaudi Decor'!H1 -> ТОВ "Еліт Декор"
B3: Каталог товарів колекції "Arxat"
B4: ='Gaudi Decor'!F4 -> 46272
A6: ЭД-АРТикул коллекції | B6: Найменування | C6: Од. | D6: Од. | E6: Роздрібна ціна з ПДВ, грн | F6: Примітка
B8: Орнамент
A9: AZZQ012091AZ006645 | B9: 1 | C9: Комплект A 702 (30шт) | D9: комплект | E9: 432.36
A10: AZZQ012101AZ006646 | B10: 2 | C10: Комплект A 703 (12шт) | D10: комплект | E10: 864.6
A11: AZZQ012111AZ006647 | B11: 3 | C11: Комплект A 704 (4шт) | D11: комплект | E11: 171.6
A12: AZZQ012121AZ006648 | B12: 4 | C12: Комплект A 705 (8шт) | D12: комплект | E12: 1112.16
A13: AZZQ012131AZ006649 | B13: 5 | C13: Комплект A 706 (4шт) | D13: комплект | E13: 521.4
A14: AZZQ012141AZ006651 | B14: 6 | C14: Комплект A 707 (2шт) | D14: комплект | E14: 470.76
A15: AZZQ012161AZ006717 | B15: 7 | C15: Комплект A 708 (4шт) | D15: комплект | E15: 536.76
A16: AZZQ*****2AZ006664 | B16: 8 | C16: Комплект A 708/A706 (4шт) | D16: комплект | E16: 1056
A17: AZZQ012151AZ006652 | B17: 9 | C17: Комплект A 709 (2шт) | D17: комплект | E17: 521.4
A18: AZZQ*****2AZ006665 | B18: 10 | C18: Комплект A 709/A707 (2шт) | D18: комплект | E18: 987.84
A19: AZZQ012171AZ006659 | B19: 11 | C19: Комплект A 710 (4шт) | D19: комплект | E19: 712.8
A20: AZZQ012181AZ006660 | B20: 12 | C20: Комплект A 711 (2шт) | D20: комплект | E20: 662.16
... A27: AZZQ012231AZ006150 | B27: 19 | C27: A 716 | D27: шт. | E27: 474.12

Sheet Рекламна Продукція
F1: ='Gaudi Decor'!H1 -> ТОВ "Еліт Декор"
B3: Рекламна продукція
C4: ='Gaudi Decor'!F4 -> 46272
A6: ЭД-АРТикул коллекції | C6: Найменування | D6: Од. | E6: Роздрібна ціна з ПДВ, грн | F6: Примітка
B8: Демонстраційний бокс
A9: AXYL000001AX007448 | B9: 1 | C9: Art | D9: шт. | E9: 350
A10: AXYL000001AX007452 | B10: =B9+1 -> 2 | C10: Arxat | D10: шт. | E10: 700
A11: AXYL000001AX005966 | B11: =B10+1 -> 3 | C11: Deco Wood №1 16S | D11: шт. | E11: 460
A12: AXYL000001AX005967 | B12: =B11+1 -> 4 | C12: Gaudi Decor №1 16S | D12: шт. | E12: 900
A13: AXYL000001AX005970 | B13: =B12+1 -> 5 | C13: Harmony №1 16S | D13: шт. | E13: 900
A14: AXYL000001AX003528 | B14: =B13+1 -> 6 | C14: Prestige Decor LED 16S | D14: шт. | E14: 418
A15: AXYL000001AX005706 | B15: =B14+1 -> 7 | C15: Prestige Decor №1 16S | D15: шт. | E15: 418
A16: AXYL000001AX006279 | B16: =B15+1 -> 8 | C16: Набір нарізок Gaudi Decor 30 см | D16: шт. | E16: 1400
A17: AXYL000001AX006282 | B17: =B16+1 -> 9 | C17: Набір нарізок Harmony 30 см | D17: шт. | E17: 1400
A18: AXYL000001AX005707 | B18: =B17+1 -> 10 | C18: Набір нарізок Tesori серия D 16 см | D18: шт. | E18: 418
A19: AXYL000001AX006288 | B19: =B18+1 -> 11 | C19: Набір нарізок Tesori серия D 30 см | D19: шт. | E19: 900
A20: AXYL000001AX006322 | B20: =B19+1 -> 12 | C20: Набір нарізок Tesori серия F 16 см | D20: шт. | E20: 900
A21: AXYL000001AX006291 | B21: =B20+1 -> 13 | C21: Набір нарізок Tesori серия F 30 см | D21: шт. | E21: 1400
... A25: AXYL000001AX012632 | B25: =B24+1 -> 17 | C25: Набір Символів для стенда | D25: шт. | E25: 5560
B26: Каталог
A27: AXZZ000001AX005973 | B27: =B25+1 -> 18 | C27: Deco Wood А5 | D27: шт. | E27: 10
A28: AXZZ000001AX005977 | B28: =B27+1 -> 19 | C28: Prestige Decor А5 | D28: шт. | E28: 35
A29: AXZZ000001AX005978 | B29: =B28+1 -> 20 | C29: Tesori серія D А5 | D29: шт. | E29: 20
A30: AXZZ000001AX008111 | B30: =B29+1 -> 21 | C30: Tesori серія F A5 | D30: шт. | E30: 20
A31: AXZZ000001AX007419 | B31: =B30+1 -> 22 | C31: Arxat/Art А5 | D31: шт. | E31: 14
B32: Стенд
A33: AXZZ000001AX010536 | B33: =B31+1 -> 23 | C33: Стенд книжка Tesori F | D33: шт. | E33: 678
A34: AXZZ000001AX003357 | B34: =B33+1 -> 24 | C34: Стенд Модуль "Art Decor" | D34: шт. | E34: 1500
A35: AXZZ000001AX003358 | B35: =B34+1 -> 25 | C35: Стенд Модуль "Art Літери" | D35: шт. | E35: 1500
A36: AXZZ000001AX003359 | B36: =B35+1 -> 26 | C36: Стенд Модуль "Arxat" | D36: шт. | E36: 1500
A37: AXZZ000001AX003374 | B37: =B36+1 -> 27 | C37: Стенд Модуль "DecoWood" | D37: шт. | E37: 1500
A38: AXZZ000001AX003380 | B38: =B37+1 -> 28 | C38: Стенд Модуль "Gaudi Decor, Harmony" | D38: шт. | E38: 1500
A39: AXZZ000001AX003376 | B39: =B38+1 -> 29 | C39: Стенд Модуль "Prestige Decor Led" | D39: шт. | E39: 2000
A40: AXZZ000001AX003377 | B40: =B39+1 -> 30 | C40: Стенд Модуль "Prestige Decor" | D40: шт. | E40: 1500
A41: AXZZ000001AX009172 | B41: =B40+1 -> 31 | C41: Стенд Модуль "Tesori D" | D41: шт. | E41: 2000
A42: AXZZ000001AX003363 | B42: =B41+1 -> 32 | C42: Стенд Модуль "Tesori F" | D42: шт. | E42: 2000
A43: AXZZ000001AX012295 | B43: =B42+1 -> 33 | C43: Стенд стойка "Буквы" на 40 ячеек | D43: шт. | E43: 1200
A44: AXZZ000001AX003378 | B44: =B43+1 -> 34 | C44: Основа трикутник | D44: шт. | E44: 145
A45: AXZZ000001AX003379 | B45: =B44+1 -> 35 | C45: Основа чотирикутник | D45: шт. | E45: 232
